log_index,transaction_hash,transaction_index,block_hash,block_number,address,data,topics
240,0xaf14132d60200d4e611a82a25b6b6e7ebf5844ff044cc9ebb6b588799b3697c6,62,0x12d237fc4ea15b275f15a4adee3122aae41ea2dfc376729ca04befa02dced8c4,20500091,0x514910771af9ca656af840dff83e8264ecf986ca,0x00000000000000000000000000000000000000000000000518eda8fd1cb0e000,"0xddf252ad1be2c89b69c2b068fc378daa952ba7f163c4a11628f55a4df523b3ef,0x000000000000000000000000de7ee1153b35429829b2f61e596612059ea75aa5,0x0000000000000000000000002f13d388b85e0ecd32e7c3d7f36d1053354ef104"
396,0xaf161d2982b5e2432c76b5033e6540e700704de3b0acca8b8f3339b4560564bb,154,0xc40f70f31c9b80aa5c2cf990432e2103b24c33f88ebd73ac94df56ee09cb8d72,20500088,0x26ebb8213fb8d66156f1af8908d43f7e3e367c1d,0x00000000000000000000000000000000000000000000004ddd2fe23530a1c000,"0xddf252ad1be2c89b69c2b068fc378daa952ba7f163c4a11628f55a4df523b3ef,0x000000000000000000000000602c90d796d746b97a36f075d9f3b2892b9b07c2,0x0000000000000000000000003e5cf71db2790d3921aeaed7b7f96776cd69d195"
115,0xaf17fc0937423ce17bbcabda3bc61f3018ebca0cbb1cdb05d8f5039530fbb62b,16,0x8cdfef2a8837779c2236ceb2e55d6cf9c7be329e3ac578b4bbd5bb2c08e80fc7,20500042,0x9b9647431632af44be02ddd22477ed94d14aacaa,0x0000000000000000000000000000000000000000000003e2e55ea12c05846246,"0xddf252ad1be2c89b69c2b068fc378daa952ba7f163c4a11628f55a4df523b3ef,0x000000000000000000000000b1549513ff77be9603da67970c216d65f98ebef8,0x000000000000000000000000872fb7e39cd7308672534d05e4232ffbcbae37d5"
116,0xaf17fc0937423ce17bbcabda3bc61f3018ebca0cbb1cdb05d8f5039530fbb62b,16,0x8cdfef2a8837779c2236ceb2e55d6cf9c7be329e3ac578b4bbd5bb2c08e80fc7,20500042,0x9b9647431632af44be02ddd22477ed94d14aacaa,0x0000000000000000000000000000000000000000000003e2e55ea12c05846246,"0xddf252ad1be2c89b69c2b068fc378daa952ba7f163c4a11628f55a4df523b3ef,0x000000000000000000000000872fb7e39cd7308672534d05e4232ffbcbae37d5,0x000000000000000000000000a406269da828cbf490f4fa4f5b4d2a9ac505d7cf"
117,0xaf17fc0937423ce17bbcabda3bc61f3018ebca0cbb1cdb05d8f5039530fbb62b,16,0x8cdfef2a8837779c2236ceb2e55d6cf9c7be329e3ac578b4bbd5bb2c08e80fc7,20500042,0xc02aaa39b223fe8d0a0e5c4f27ead9083c756cc2,0x00000000000000000000000000000000000000000000000000117eb8f45501a0,"0xddf252ad1be2c89b69c2b068fc378daa952ba7f163c4a11628f55a4df523b3ef,0x000000000000000000000000a406269da828cbf490f4fa4f5b4d2a9ac505d7cf,0x000000000000000000000000872fb7e39cd7308672534d05e4232ffbcbae37d5"
118,0xaf17fc0937423ce17bbcabda3bc61f3018ebca0cbb1cdb05d8f5039530fbb62b,16,0x8cdfef2a8837779c2236ceb2e55d6cf9c7be329e3ac578b4bbd5bb2c08e80fc7,20500042,0xc02aaa39b223fe8d0a0e5c4f27ead9083c756cc2,0x00000000000000000000000000000000000000000000000000006386f45ce947,"0xddf252ad1be2c89b69c2b068fc378daa952ba7f163c4a11628f55a4df523b3ef,0x000000000000000000000000a406269da828cbf490f4fa4f5b4d2a9ac505d7cf,0x00000000000000000000000095c4f5b83aa70810d4f142d58e5f7242bd891cb0"
119,0xaf17fc0937423ce17bbcabda3bc61f3018ebca0cbb1cdb05d8f5039530fbb62b,16,0x8cdfef2a8837779c2236ceb2e55d6cf9c7be329e3ac578b4bbd5bb2c08e80fc7,20500042,0xa406269da828cbf490f4fa4f5b4d2a9ac505d7cf,0x0000000000000000000000009b9647431632af44be02ddd22477ed94d14aacaa000000000000000000000000c02aaa39b223fe8d0a0e5c4f27ead9083c756cc20000000000000000000000000000000000000000000003e2e55ea12c0584624600000000000000000000000000000000000000000000000000117eb8f45501a0000000000000000000000000872fb7e39cd7308672534d05e4232ffbcbae37d5000000000000000000000000872fb7e39cd7308672534d05e4232ffbcbae37d5,0xc2c0245e056d5fb095f04cd6373bc770802ebd1e6c918eb78fdef843cdb37b0f
120,0xaf17fc0937423ce17bbcabda3bc61f3018ebca0cbb1cdb05d8f5039530fbb62b,16,0x8cdfef2a8837779c2236ceb2e55d6cf9c7be329e3ac578b4bbd5bb2c08e80fc7,20500042,0xc02aaa39b223fe8d0a0e5c4f27ead9083c756cc2,0x000000000000000000000000000000000000000000000000000f46d3c488c000,"0xddf252ad1be2c89b69c2b068fc378daa952ba7f163c4a11628f55a4df523b3ef,0x000000000000000000000000872fb7e39cd7308672534d05e4232ffbcbae37d5,0x000000000000000000000000b1549513ff77be9603da67970c216d65f98ebef8"
121,0xaf17fc0937423ce17bbcabda3bc61f3018ebca0cbb1cdb05d8f5039530fbb62b,16,0x8cdfef2a8837779c2236ceb2e55d6cf9c7be329e3ac578b4bbd5bb2c08e80fc7,20500042,0xb1549513ff77be9603da67970c216d65f98ebef8,0x000000000000000000000000000000000000000000002266e1ea746b7c215d8a000000000000000000000000000000000000000000000000009619dca85eb3ab,0x1c411e9a96e071241c2f21f7726b17ae89e3cab4c78be50e062b03a9fffbbad1
122,0xaf17fc0937423ce17bbcabda3bc61f3018ebca0cbb1cdb05d8f5039530fbb62b,16,0x8cdfef2a8837779c2236ceb2e55d6cf9c7be329e3ac578b4bbd5bb2c08e80fc7,20500042,0xb1549513ff77be9603da67970c216d65f98ebef8,0x0000000000000000000000000000000000000000000000000000000000000000000000000000000000000000000000000000000000000000000f46d3c488c0000000000000000000000000000000000000000000000003e2e55ea12c058462460000000000000000000000000000000000000000000000000000000000000000,"0xd78ad95fa46c994b6551d0da85fc275fe613ce37657fb8d5e3d130840159d822,0x000000000000000000000000872fb7e39cd7308672534d05e4232ffbcbae37d5,0x000000000000000000000000872fb7e39cd7308672534d05e4232ffbcbae37d5"
123,0xaf17fc0937423ce17bbcabda3bc61f3018ebca0cbb1cdb05d8f5039530fbb62b,16,0x8cdfef2a8837779c2236ceb2e55d6cf9c7be329e3ac578b4bbd5bb2c08e80fc7,20500042,0xc02aaa39b223fe8d0a0e5c4f27ead9083c756cc2,0x0000000000000000000000000000000000000000000000000000bd459333e375,"0x7fcf532c15f0a6db0bd6d0e038bea71d30d808c7d98cb3bf7268a95bf5081b65,0x000000000000000000000000872fb7e39cd7308672534d05e4232ffbcbae37d5"
260,0xaf1b9fa0660e180f110bca25aeb65a45189ad8cb1d1ce14497a1fd31ff0ff595,88,0xbd3d5c05fc535f3c9b86a1aa31db0c2e12ad46a3be3acc6c1d054aa9d0e5fd36,20500051,0xc02aaa39b223fe8d0a0e5c4f27ead9083c756cc2,0x00000000000000000000000000000000000000000000000038cc498a17aa2c11,"0xddf252ad1be2c89b69c2b068fc378daa952ba7f163c4a11628f55a4df523b3ef,0x000000000000000000000000a69babef1ca67a37ffaf7a485dfff3382056e78c,0x0000000000000000000000000d4a11d5eeaac28ec3f61d100daf4d40471f1852"
261,0xaf1b9fa0660e180f110bca25aeb65a45189ad8cb1d1ce14497a1fd31ff0ff595,88,0xbd3d5c05fc535f3c9b86a1aa31db0c2e12ad46a3be3acc6c1d054aa9d0e5fd36,20500051,0xdac17f958d2ee523a2206206994597c13d831ec7,0x000000000000000000000000000000000000000000000000000000027bddd397,"0xddf252ad1be2c89b69c2b068fc378daa952ba7f163c4a11628f55a4df523b3ef,0x0000000000000000000000000d4a11d5eeaac28ec3f61d100daf4d40471f1852,0x000000000000000000000000a69babef1ca67a37ffaf7a485dfff3382056e78c"
262,0xaf1b9fa0660e180f110bca25aeb65a45189ad8cb1d1ce14497a1fd31ff0ff595,88,0xbd3d5c05fc535f3c9b86a1aa31db0c2e12ad46a3be3acc6c1d054aa9d0e5fd36,20500051,0x0d4a11d5eeaac28ec3f61d100daf4d40471f1852,0x0000000000000000000000000000000000000000000004d2405dba52d27cb1a500000000000000000000000000000000000000000000000000003620cff7352b,0x1c411e9a96e071241c2f21f7726b17ae89e3cab4c78be50e062b03a9fffbbad1
263,0xaf1b9fa0660e180f110bca25aeb65a45189ad8cb1d1ce14497a1fd31ff0ff595,88,0xbd3d5c05fc535f3c9b86a1aa31db0c2e12ad46a3be3acc6c1d054aa9d0e5fd36,20500051,0x0d4a11d5eeaac28ec3f61d100daf4d40471f1852,0x00000000000000000000000000000000000000000000000038cc498a17aa2c1100000000000000000000000000000000000000000000000000000000000000000000000000000000000000000000000000000000000000000000000000000000000000000000000000000000000000000000000000000000000000027bddd397,"0xd78ad95fa46c994b6551d0da85fc275fe613ce37657fb8d5e3d130840159d822,0x000000000000000000000000a69babef1ca67a37ffaf7a485dfff3382056e78c,0x000000000000000000000000a69babef1ca67a37ffaf7a485dfff3382056e78c"
558,0xaf1e268da58ecdaac1e0780902e377533ee793856e4fc462a3258e321674adb3,151,0x3782bed52c2f4be4f0c79ec3bb1c187732c4c7b7c5796c0cd109435f69ec23df,20500059,0xc02aaa39b223fe8d0a0e5c4f27ead9083c756cc2,0x000000000000000000000000000000000000000000000000016bd1d7f8e456a6,"0xe1fffcc4923d04b559f4d29a8bfc6cda04eb5b0d3c460751c2402c5c5cc9109c,0x000000000000000000000000e37e799d5077682fa0a244d46e5649f71457bd09"
559,0xaf1e268da58ecdaac1e0780902e377533ee793856e4fc462a3258e321674adb3,151,0x3782bed52c2f4be4f0c79ec3bb1c187732c4c7b7c5796c0cd109435f69ec23df,20500059,0xc02aaa39b223fe8d0a0e5c4f27ead9083c756cc2,0x000000000000000000000000000000000000000000000000016bd1d7f8e456a6,"0xddf252ad1be2c89b69c2b068fc378daa952ba7f163c4a11628f55a4df523b3ef,0x000000000000000000000000e37e799d5077682fa0a244d46e5649f71457bd09,0x000000000000000000000000e76549ec7d8d0aee5717e7c50f8daa7b65d39a80"
560,0xaf1e268da58ecdaac1e0780902e377533ee793856e4fc462a3258e321674adb3,151,0x3782bed52c2f4be4f0c79ec3bb1c187732c4c7b7c5796c0cd109435f69ec23df,20500059,0x426a688ee72811773eb64f5717a32981b56f10c1,0x0000000000000000000000000000000000000000000000000000000000000000,"0xddf252ad1be2c89b69c2b068fc378daa952ba7f163c4a11628f55a4df523b3ef,0x000000000000000000000000e76549ec7d8d0aee5717e7c50f8daa7b65d39a80,0x0000000000000000000000006286e3cf6447d6dbab1fae5c488d9df8f09b88c8"
561,0xaf1e268da58ecdaac1e0780902e377533ee793856e4fc462a3258e321674adb3,151,0x3782bed52c2f4be4f0c79ec3bb1c187732c4c7b7c5796c0cd109435f69ec23df,20500059,0x426a688ee72811773eb64f5717a32981b56f10c1,0x00000000000000000000000000000000000000004429cf65e6e655f58f2cd3ed,"0xddf252ad1be2c89b69c2b068fc378daa952ba7f163c4a11628f55a4df523b3ef,0x000000000000000000000000e76549ec7d8d0aee5717e7c50f8daa7b65d39a80,0x0000000000000000000000001111111254eeb25477b68fb85ed929f73a960582"
562,0xaf1e268da58ecdaac1e0780902e377533ee793856e4fc462a3258e321674adb3,151,0x3782bed52c2f4be4f0c79ec3bb1c187732c4c7b7c5796c0cd109435f69ec23df,20500059,0xe76549ec7d8d0aee5717e7c50f8daa7b65d39a80,0x000000000000000000000000000000000000003b82594bc5dc9a66b6fe7504210000000000000000000000000000000000000000000000013e18c3fce185228b,0x1c411e9a96e071241c2f21f7726b17ae89e3cab4c78be50e062b03a9fffbbad1
563,0xaf1e268da58ecdaac1e0780902e377533ee793856e4fc462a3258e321674adb3,151,0x3782bed52c2f4be4f0c79ec3bb1c187732c4c7b7c5796c0cd109435f69ec23df,20500059,0xe76549ec7d8d0aee5717e7c50f8daa7b65d39a80,0x0000000000000000000000000000000000000000000000000000000000000000000000000000000000000000000000000000000000000000016bd1d7f8e456a600000000000000000000000000000000000000004429cf65e6e655f58f2cd3ed0000000000000000000000000000000000000000000000000000000000000000,"0xd78ad95fa46c994b6551d0da85fc275fe613ce37657fb8d5e3d130840159d822,0x000000000000000000000000e37e799d5077682fa0a244d46e5649f71457bd09,0x0000000000000000000000001111111254eeb25477b68fb85ed929f73a960582"
564,0xaf1e268da58ecdaac1e0780902e377533ee793856e4fc462a3258e321674adb3,151,0x3782bed52c2f4be4f0c79ec3bb1c187732c4c7b7c5796c0cd109435f69ec23df,20500059,0x426a688ee72811773eb64f5717a32981b56f10c1,0x00000000000000000000000000000000000000004429cf65e6e655f58f2cd3ed,"0xddf252ad1be2c89b69c2b068fc378daa952ba7f163c4a11628f55a4df523b3ef,0x0000000000000000000000001111111254eeb25477b68fb85ed929f73a960582,0x0000000000000000000000006385f75a1b95c7d7b660862479f1c21b0e1920fc"
402,0xaf24d07322372dac020ef689d068516326d9e2e29712983a769c35384afaae7f,133,0xd3cc77261c2a93770393e57a06ac9650b520ef11a61f89f4aca30d4423babfd5,20500071,0xdac17f958d2ee523a2206206994597c13d831ec7,0x0000000000000000000000000000000000000000000000000000000265ce19bc,"0xddf252ad1be2c89b69c2b068fc378daa952ba7f163c4a11628f55a4df523b3ef,0x000000000000000000000000974caa59e49682cda0ad2bbe82983419a2ecc400,0x000000000000000000000000f8e553aa33bb8ffccf12a064161ea104cfb381f0"
26,0xaf29ffc2adbc151699d386fc0f4aa80a1bde54e8d69f2639f158884b108cceb0,13,0x57845805e0540f86c028c7ca194a6a5a9b69b15187fe7f985c911060b5f3c40d,20500078,0xdac17f958d2ee523a2206206994597c13d831ec7,0x000000000000000000000000000000000000000000000000000000001eee8c70,"0xddf252ad1be2c89b69c2b068fc378daa952ba7f163c4a11628f55a4df523b3ef,0x000000000000000000000000a65c62d684521deeb974ecc2b0c521cb52d85645,0x000000000000000000000000f7c8da79da4cb294c4f55dfebb1b404e3e38d921"
162,0xaf45e057063df6da95d6ae79d6ec0eaba6714f095125e0e3cc0679f39953bebb,26,0x7668681947b69e1405375c9206d0e78ef2d8e4b3ecbc76999ef1e82d2a4c2e9b,20500075,0x26ebb8213fb8d66156f1af8908d43f7e3e367c1d,0x00000000000000000000000000000000000000000000001402c1a27f34a7c000,"0xddf252ad1be2c89b69c2b068fc378daa952ba7f163c4a11628f55a4df523b3ef,0x000000000000000000000000602c90d796d746b97a36f075d9f3b2892b9b07c2,0x0000000000000000000000002a27a094eb903207937d01f50de00bb4d99b6f2c"
295,0xaf54359e51d77b65ea1ee3c17ea8a4ace3cd42a144db5b8d7b5ae6a0bf04fc28,70,0xd05db8f0b895f0229870220dcff7ede830c7f97737810d41d32b0b7224a41bb4,20500006,0x73fbd93bfda83b111ddc092aa3a4ca77fd30d380,0x00000000000000000000000000000000000000000000010f0cf064dd59200000,"0xddf252ad1be2c89b69c2b068fc378daa952ba7f163c4a11628f55a4df523b3ef,0x000000000000000000000000f78ef100dd63f62cdc0ba7324b43ab7074e8262f,0x00000000000000000000000080475ececd1b7ec2cf6624b1a1705bbf3f20be94"
178,0xaf6e4b672f6c1ea4977ed2791d3525e069c3bc497be29af7cc59e82494529885,39,0x47fab5a15da95a027d31b4cedf7d61878804b08e356c2c5601e495bb6c2128aa,20500098,0x8802269d1283cdb2a5a329649e5cb4cdcee91ab6,0x000000000000000000000000000000000000000000000000000088a419458300,"0xddf252ad1be2c89b69c2b068fc378daa952ba7f163c4a11628f55a4df523b3ef,0x00000000000000000000000063756a3c3bf677baab9d9e06457402ed05be8570,0x00000000000000000000000063a151d042dc870fb1b3f0c72cbbdd53a85898f6"
179,0xaf6e4b672f6c1ea4977ed2791d3525e069c3bc497be29af7cc59e82494529885,39,0x47fab5a15da95a027d31b4cedf7d61878804b08e356c2c5601e495bb6c2128aa,20500098,0xc02aaa39b223fe8d0a0e5c4f27ead9083c756cc2,0x0000000000000000000000000000000000000000000000000394852781dbf6dc,"0xddf252ad1be2c89b69c2b068fc378daa952ba7f163c4a11628f55a4df523b3ef,0x00000000000000000000000063a151d042dc870fb1b3f0c72cbbdd53a85898f6,0x000000000000000000000000fe0c760cbcb9da239b9ba805f0aeaed3be84f65a"
180,0xaf6e4b672f6c1ea4977ed2791d3525e069c3bc497be29af7cc59e82494529885,39,0x47fab5a15da95a027d31b4cedf7d61878804b08e356c2c5601e495bb6c2128aa,20500098,0x63a151d042dc870fb1b3f0c72cbbdd53a85898f6,0x00000000000000000000000000000000000000000000000000ca07cc3c2583db0000000000000000000000000000000000000000000000054b9b56fd4f23b974,0x1c411e9a96e071241c2f21f7726b17ae89e3cab4c78be50e062b03a9fffbbad1
181,0xaf6e4b672f6c1ea4977ed2791d3525e069c3bc497be29af7cc59e82494529885,39,0x47fab5a15da95a027d31b4cedf7d61878804b08e356c2c5601e495bb6c2128aa,20500098,0x63a151d042dc870fb1b3f0c72cbbdd53a85898f6,0x000000000000000000000000000000000000000000000000000088a419458300000000000000000000000000000000000000000000000000000000000000000000000000000000000000000000000000000000000000000000000000000000000000000000000000000000000000000000000000000000000394852781dbf6dc,"0xd78ad95fa46c994b6551d0da85fc275fe613ce37657fb8d5e3d130840159d822,0x00000000000000000000000063756a3c3bf677baab9d9e06457402ed05be8570,0x000000000000000000000000fe0c760cbcb9da239b9ba805f0aeaed3be84f65a"
