address,address_lower,to_is_contract
0x0000000000000068F116a894984e2DB1123eB395,0x0000000000000068f116a894984e2db1123eb395,True
0x00000000000002185059cF5344ebBAD38E3d43C0,0x00000000000002185059cf5344ebbad38e3d43c0,True
0x0000000000007F150Bd6f54c40A34d7C3d5e9f56,0x0000000000007f150bd6f54c40a34d7c3d5e9f56,True
0x0000000000771A79D0Fc7F3B7FE270eB4498F20b,0x0000000000771a79d0fc7f3b7fe270eb4498f20b,True
0x00000000009726632680FB29d3F7A9734E3010E2,0x00000000009726632680fb29d3f7a9734e3010e2,True
0x00000000009E50a7dDb7a7B0e2ee6604fd120E49,0x00000000009e50a7ddb7a7b0e2ee6604fd120e49,True
0x0000000000A39bb272e79075ade125fd351887Ac,0x0000000000a39bb272e79075ade125fd351887ac,True
0x0000000000c2d145a2526bD8C716263bFeBe1A72,0x0000000000c2d145a2526bd8c716263bfebe1a72,True
0x0000000000c2f3017e5AF636eA91bD68ec3888ED,0x0000000000c2f3017e5af636ea91bd68ec3888ed,True
0x000000000499f393EF6a9Cb5919b9C4dfCe17a0E,0x000000000499f393ef6a9cb5919b9c4dfce17a0e,True
0x000000000dFDe7deaF24138722987c9a6991e2D4,0x000000000dfde7deaf24138722987c9a6991e2d4,True
0x00000000A991C429eE2Ec6df19d40fe0c80088B8,0x00000000a991c429ee2ec6df19d40fe0c80088b8,True
0x00000000b8939D68f3dB6c1FB91B37544F3c0b1B,0x00000000b8939d68f3db6c1fb91b37544f3c0b1b,True
0x00000000Ede6d8D217c60f93191C060747324bca,0x00000000ede6d8d217c60f93191c060747324bca,True
0x00000011F84B9aa48e5f8aA8B9897600006289Be,0x00000011f84b9aa48e5f8aa8b9897600006289be,True
0x00000023c10000eecB940000b914CDFD76Cc83D1,0x00000023c10000eecb940000b914cdfd76cc83d1,True
0x00000047bB99ea4D791bb749D970DE71EE0b1A34,0x00000047bb99ea4d791bb749d970de71ee0b1a34,True
0x000000d40B595B94918a28b27d1e2C66F43A51d3,0x000000d40b595b94918a28b27d1e2c66f43a51d3,True
0x000000fee13a103A10D593b9AE06b3e05F2E7E1c,0x000000fee13a103a10d593b9ae06b3e05f2e7e1c,True
0x0000030Ec64DF25301d8414eE5a29588C4B0dE10,0x0000030ec64df25301d8414ee5a29588c4b0de10,True
0x00005EA00Ac477B1030CE78506496e8C2dE24bf5,0x00005ea00ac477b1030ce78506496e8c2de24bf5,True
0x0000E0Ca771e21bD00057F54A68C30D400000000,0x0000e0ca771e21bd00057f54a68c30d400000000,True
0x0021053b73a20cB418d0458f543aC3e46d24137e,0x0021053b73a20cb418d0458f543ac3e46d24137e,True
0x004395edb43EFca9885CEdad51EC9fAf93Bd34ac,0x004395edb43efca9885cedad51ec9faf93bd34ac,True
0x00c83aeCC790e8a4453e5dD3B0B4b3680501a7A7,0x00c83aecc790e8a4453e5dd3b0b4b3680501a7a7,True
0x0202Be363B8a4820f3F4DE7FaF5224fF05943AB1,0x0202be363b8a4820f3f4de7faf5224ff05943ab1,True
0x0208F3Fc245367049769FFE2aFb285f373A9cA4b,0x0208f3fc245367049769ffe2afb285f373a9ca4b,True
0x0226387E4755865DE4bF801Cc7F3EDF1bE8ff7bA,0x0226387e4755865de4bf801cc7f3edf1be8ff7ba,True
0x035bdAeaB85E47710C27EdA7FD754bA80aD4ad02,0x035bdaeab85e47710c27eda7fd754ba80ad4ad02,True
0x03f34bE1BF910116595dB1b11E9d1B2cA5D59659,0x03f34be1bf910116595db1b11e9d1b2ca5d59659,True
0x03f7724180AA6b939894B5Ca4314783B0b36b329,0x03f7724180aa6b939894b5ca4314783b0b36b329,True
0x043663A02F755AF28492e777F26beE26FBbd625F,0x043663a02f755af28492e777f26bee26fbbd625f,True
0x0439e60F02a8900a951603950d8D4527f400C3f1,0x0439e60f02a8900a951603950d8d4527f400c3f1,True
0x054fd961708D8E2B9c10a63F6157c74458889F0a,0x054fd961708d8e2b9c10a63f6157c74458889f0a,True
0x056C1D42Fb1326f57da7f19eBB7dDA4673f1FF55,0x056c1d42fb1326f57da7f19ebb7dda4673f1ff55,True
0x056Fd409E1d7A124BD7017459dFEa2F387b6d5Cd,0x056fd409e1d7a124bd7017459dfea2f387b6d5cd,True
0x06450dEe7FD2Fb8E39061434BAbCFC05599a6Fb8,0x06450dee7fd2fb8e39061434babcfc05599a6fb8,True
0x06Be1d61a6FBD6664d7E0174140441787A120F61,0x06be1d61a6fbd6664d7e0174140441787a120f61,True
0x07042134d4DC295CBF3aB08a4a0eFF847a528171,0x07042134d4dc295cbf3ab08a4a0eff847a528171,True
0x071ad995F35BfD5130b7e72c6937112387706F86,0x071ad995f35bfd5130b7e72c6937112387706f86,True
0x07E594aA718bB872B526e93EEd830a8d2a6A1071,0x07e594aa718bb872b526e93eed830a8d2a6a1071,True
0x081FAC886FDcacdC826C4135ED4BA5b65ecEcFb8,0x081fac886fdcacdc826c4135ed4ba5b65ececfb8,True
0x0828096494ad6252F0F853abFC5b6ec9dfe9fDAd,0x0828096494ad6252f0f853abfc5b6ec9dfe9fdad,True
0x08389495D7456E1951ddF7c3a1314A4bfb646d8B,0x08389495d7456e1951ddf7c3a1314a4bfb646d8b,True
0x088f914587F7d7aAd8760015DD9aDf35603b5b0C,0x088f914587f7d7aad8760015dd9adf35603b5b0c,True
0x090185f2135308BaD17527004364eBcC2D37e5F6,0x090185f2135308bad17527004364ebcc2d37e5f6,True
0x09843f74Adf077A3dD7B1571526165D91466A5Ea,0x09843f74adf077a3dd7b1571526165d91466a5ea,True
0x09fE5f0236F0Ea5D930197DCE254d77B04128075,0x09fe5f0236f0ea5d930197dce254d77b04128075,True
0x0a252663DBCc0b073063D6420a40319e438Cfa59,0x0a252663dbcc0b073063d6420a40319e438cfa59,True
0x0a2C375553e6965b42C135bb8B15a8914B08de0c,0x0a2c375553e6965b42c135bb8b15a8914b08de0c,True
0x0A638F07ACc6969abF392bB009f216D22aDEa36d,0x0a638f07acc6969abf392bb009f216d22adea36d,True
0x0A791089ACf48912a9Cfde00E3A6aFe9eDBC3221,0x0a791089acf48912a9cfde00e3a6afe9edbc3221,True
0x0a7eC264D69F8823B2c8467431B8bf46bA6F853c,0x0a7ec264d69f8823b2c8467431b8bf46ba6f853c,True
0x0a992d191DEeC32aFe36203Ad87D7d289a738F81,0x0a992d191deec32afe36203ad87d7d289a738f81,True
0x0b0BB6bD81EBAb4a686D2b8b8e4a940BbFe6D1d7,0x0b0bb6bd81ebab4a686d2b8b8e4a940bbfe6d1d7,True
0x0b38210ea11411557c13457D4dA7dC6ea731B88a,0x0b38210ea11411557c13457d4da7dc6ea731b88a,True
0x0B9857ae2D4A3DBe74ffE1d7DF045bb7F96E4840,0x0b9857ae2d4a3dbe74ffe1d7df045bb7f96e4840,True
0x0bc37BEA9068a86C221B8bd71eA6228260DAD5A2,0x0bc37bea9068a86c221b8bd71ea6228260dad5a2,True
0x0bc529c00C6401aEF6D220BE8C6Ea1667F6Ad93e,0x0bc529c00c6401aef6d220be8c6ea1667f6ad93e,True
0x0bFAd705e2b71c88f0eD1cd49B58a4C05b23568D,0x0bfad705e2b71c88f0ed1cd49b58a4c05b23568d,True
0x0c73f1cFd5C9dFc150C8707Aa47Acbd14F0BE108,0x0c73f1cfd5c9dfc150c8707aa47acbd14f0be108,True
0x0D3CbED3f69EE050668ADF3D9Ea57241cBa33A2B,0x0d3cbed3f69ee050668adf3d9ea57241cba33a2b,True
0x0d55Ec9fF5680422cE3AD7526098b6E8BFeD7C95,0x0d55ec9ff5680422ce3ad7526098b6e8bfed7c95,True
0x0D59b9D6978814eC27C4D3426949F5373f6dcF65,0x0d59b9d6978814ec27c4d3426949f5373f6dcf65,True
0x0D8775F648430679A709E98d2b0Cb6250d2887EF,0x0d8775f648430679a709e98d2b0cb6250d2887ef,True
0x0DDC6F9CE13b985DFd730b8048014B342D1b54F7,0x0ddc6f9ce13b985dfd730b8048014b342d1b54f7,True
0x0eae044f00B0aF300500F090eA00027097d03000,0x0eae044f00b0af300500f090ea00027097d03000,True
0x0EE1AF240E39bbb34780907e85d56c0FE3b18Bd3,0x0ee1af240e39bbb34780907e85d56c0fe3b18bd3,True
0x0f2D719407FdBeFF09D87557AbB7232601FD9F29,0x0f2d719407fdbeff09d87557abb7232601fd9f29,True
0x0F5D2fB29fb7d3CFeE444a200298f468908cC942,0x0f5d2fb29fb7d3cfee444a200298f468908cc942,True
0x0Fb0978F28AaEF210F783dD0C19571eDd2442F96,0x0fb0978f28aaef210f783dd0c19571edd2442f96,True
0x0fe08D911246566fdFD4afE0181a21ab810EE1C2,0x0fe08d911246566fdfd4afe0181a21ab810ee1c2,True
0x1001271083C249bd771E1bb76C22D935809a61Ee,0x1001271083c249bd771e1bb76c22d935809a61ee,True
0x100ae042Ef0EA159EcC3513E9A378FF21F3829ba,0x100ae042ef0ea159ecc3513e9a378ff21f3829ba,True
0x100dAa78fC509Db39Ef7D04DE0c1ABD299f4C6CE,0x100daa78fc509db39ef7d04de0c1abd299f4c6ce,True
0x10c53DeBEc28cAb72E93bB9AC760A64DAd07229B,0x10c53debec28cab72e93bb9ac760a64dad07229b,True
0x111111111117dC0aa78b770fA6A738034120C302,0x111111111117dc0aa78b770fa6a738034120c302,True
0x111111125421cA6dc452d289314280a0f8842A65,0x111111125421ca6dc452d289314280a0f8842a65,True
0x1111111254EEB25477B68fb85Ed929f73A960582,0x1111111254eeb25477b68fb85ed929f73a960582,True
0x1111111254fb6c44bAC0beD2854e76F90643097d,0x1111111254fb6c44bac0bed2854e76f90643097d,True
0x112E9FdAd728aDFBb1CE407a9CFa9339E1C6E130,0x112e9fdad728adfbb1ce407a9cfa9339e1c6e130,True
0x1180c114f7fAdCB6957670432a3Cf8Ef08Ab5354,0x1180c114f7fadcb6957670432a3cf8ef08ab5354,True
0x1223334444A7466fBf985B14E1F4EdAf3883bCa6,0x1223334444a7466fbf985b14e1f4edaf3883bca6,True
0x1231DEB6f5749EF6cE6943a275A1D3E7486F4EaE,0x1231deb6f5749ef6ce6943a275a1d3e7486f4eae,True
0x12652C6d93FDB6F4f37d48A8687783C782BB0d10,0x12652c6d93fdb6f4f37d48a8687783c782bb0d10,True
0x12970E6868f88f6557B76120662c1B3E50A646bf,0x12970e6868f88f6557b76120662c1b3e50a646bf,True
0x12b6893cE26Ea6341919FE289212ef77e51688c8,0x12b6893ce26ea6341919fe289212ef77e51688c8,True
0x12Ed0641242e4C6c220e3ca8F616E9d5470AC99a,0x12ed0641242e4c6c220e3ca8f616e9d5470ac99a,True
0x12eED6C1302453fE04A3F685879C8C9299bC7BC2,0x12eed6c1302453fe04a3f685879c8c9299bc7bc2,True
0x12FF0E28318E53a6f91D42cF607963076AF6c03F,0x12ff0e28318e53a6f91d42cf607963076af6c03f,True
0x1409262A7A05c7B1ca7675c12721b18328686022,0x1409262a7a05c7b1ca7675c12721b18328686022,True
0x14778860E937f509e651192a90589dE711Fb88a9,0x14778860e937f509e651192a90589de711fb88a9,True
0x1495bc9e44Af1F8BCB62278D2bEC4540cF0C05ea,0x1495bc9e44af1f8bcb62278d2bec4540cf0c05ea,True
0x14feE680690900BA0ccCfC76AD70Fd1b95D10e16,0x14fee680690900ba0cccfc76ad70fd1b95d10e16,True
0x1522900B6daFac587d499a862861C0869Be6E428,0x1522900b6dafac587d499a862861c0869be6e428,True
0x15a7EdBbd8909358AE91a278b42d8ebF0CE9452e,0x15a7edbbd8909358ae91a278b42d8ebf0ce9452e,True
0x15b7011bDE1C5836C67f16E6e03033c272156193,0x15b7011bde1c5836c67f16e6e03033c272156193,True
0x15b7c0c907e4C6b9AdaAaabC300C08991D6CEA05,0x15b7c0c907e4c6b9adaaaabc300c08991d6cea05,True
0x15e6E0D4ebeAC120F9a97e71FaA6a0235b85ED12,0x15e6e0d4ebeac120f9a97e71faa6a0235b85ed12,True
0x162433c934aA74ba147E05150B1206b2C922f71d,0x162433c934aa74ba147e05150b1206b2c922f71d,True
0x163f8C2467924be0ae7B5347228CABF260318753,0x163f8c2467924be0ae7b5347228cabf260318753,True
0x16b68E1C5D3b9B3028978d96e106D3a5c3B42093,0x16b68e1c5d3b9b3028978d96e106d3a5c3b42093,True
0x16C6521Dff6baB339122a0FE25a9116693265353,0x16c6521dff6bab339122a0fe25a9116693265353,True
0x16cCF917cF522010287A98B2896E25AB028114cB,0x16ccf917cf522010287a98b2896e25ab028114cb,True
0x16D5A408e807db8eF7c578279BEeEe6b228f1c1C,0x16d5a408e807db8ef7c578279beeee6b228f1c1c,True
0x16ECCfDbb4eE1A85A33f3A9B21175Cd7Ae753dB4,0x16eccfdbb4ee1a85a33f3a9b21175cd7ae753db4,True
0x1715a3E4A142d8b698131108995174F37aEBA10D,0x1715a3e4a142d8b698131108995174f37aeba10d,True
0x1729F8Cc02237bD360c94c15a8ee41ab724f19fB,0x1729f8cc02237bd360c94c15a8ee41ab724f19fb,True
0x173272739Bd7Aa6e4e214714048a9fE699453059,0x173272739bd7aa6e4e214714048a9fe699453059,True
0x18aAA7115705e8be94bfFEBDE57Af9BFc265B998,0x18aaa7115705e8be94bffebde57af9bfc265b998,True
0x18B19EdB120300ea1B05964C785692bca89a4Bfc,0x18b19edb120300ea1b05964c785692bca89a4bfc,True
0x19b5cc75846BF6286d599ec116536a333C4C2c14,0x19b5cc75846bf6286d599ec116536a333c4c2c14,True
0x1a49d4Afc3eF76D53fB295A194910544273EF55a,0x1a49d4afc3ef76d53fb295a194910544273ef55a,True
0x1a688857723B954832C405836b262aB5320520DD,0x1a688857723b954832c405836b262ab5320520dd,True
0x1a76bfFD6D1FC1660e1d0E0552Fde51ddbB120CF,0x1a76bffd6d1fc1660e1d0e0552fde51ddbb120cf,True
0x1A8f43e01B78979EB4Ef7feBEC60F32c9A72f58E,0x1a8f43e01b78979eb4ef7febec60f32c9a72f58e,True
0x1Bbe973BeF3a977Fc51CbED703E8ffDEfE001Fed,0x1bbe973bef3a977fc51cbed703e8ffdefe001fed,True
0x1BF621Aa9ceE3F6154881c25041bB39AEd4ca7Cc,0x1bf621aa9cee3f6154881c25041bb39aed4ca7cc,True
0x1C1Fb35334290b5ff1bF7B4c09130885b10Fc0f4,0x1c1fb35334290b5ff1bf7b4c09130885b10fc0f4,True
0x1cc7047E15825F639E0752Eb1b89E4225F5327F2,0x1cc7047e15825f639e0752eb1b89e4225f5327f2,True
0x1CF48E2ba68c71B3b78AEB8717719a1F4413bF2d,0x1cf48e2ba68c71b3b78aeb8717719a1f4413bf2d,True
0x1d3682b5E926ea62d42De7853199155f88CE0A9d,0x1d3682b5e926ea62d42de7853199155f88ce0a9d,True
0x1d596D28A7923a22aA013b0e7082bbA23DAA656b,0x1d596d28a7923a22aa013b0e7082bba23daa656b,True
0x1d9619E10086FdC1065B114298384aAe3F680CC0,0x1d9619e10086fdc1065b114298384aae3f680cc0,True
0x1DAe28D7007703196d6f456e810F67C33b51b25C,0x1dae28d7007703196d6f456e810f67c33b51b25c,True
0x1DEd2d5BB13205833A7Ad2C65E28c578a172B5AE,0x1ded2d5bb13205833a7ad2c65e28c578a172b5ae,True
0x1E7866B5A5A4F09EfD235D28d49568c2Fe2F7EcD,0x1e7866b5a5a4f09efd235d28d49568c2fe2f7ecd,True
0x1f2F10D1C40777AE1Da742455c65828FF36Df387,0x1f2f10d1c40777ae1da742455c65828ff36df387,True
0x1f9840a85d5aF5bf1D1762F925BDADdC4201F984,0x1f9840a85d5af5bf1d1762f925bdaddc4201f984,True
0x203e2349666C08a538266AFAed434B388E01a657,0x203e2349666c08a538266afaed434b388e01a657,True
0x2161c88DC5A5B82e4988661bE66AD95edef3C3f2,0x2161c88dc5a5b82e4988661be66ad95edef3c3f2,True
0x22514fFb0d7232a56F0c24090E7B68f179FAA940,0x22514ffb0d7232a56f0c24090e7b68f179faa940,True
0x2255daE0D573fc1d532336772381264a417D281C,0x2255dae0d573fc1d532336772381264a417d281c,True
0x2260FAC5E5542a773Aa44fBCfeDf7C193bc2C599,0x2260fac5e5542a773aa44fbcfedf7c193bc2c599,True
0x22A956C4755d8C4294b358dC346E74250E175622,0x22a956c4755d8c4294b358dc346e74250e175622,True
0x22cE84A7F86662b78E49C6ec9E51D60FddE7b70A,0x22ce84a7f86662b78e49c6ec9e51d60fdde7b70a,True
0x236501327e701692a281934230AF0b6BE8Df3353,0x236501327e701692a281934230af0b6be8df3353,True
0x23f328DB00D4f94BEb65EF868ECFc42DB3B93ad1,0x23f328db00d4f94beb65ef868ecfc42db3b93ad1,True
0x2401c39d7ba9E283668a53fcC7B8F5FD9e716fdf,0x2401c39d7ba9e283668a53fcc7b8f5fd9e716fdf,True
0x24902AA0cf0000a08c0EA0b003B0c0bF600000E0,0x24902aa0cf0000a08c0ea0b003b0c0bf600000e0,True
0x249cA82617eC3DfB2589c4c17ab7EC9765350a18,0x249ca82617ec3dfb2589c4c17ab7ec9765350a18,True
0x253553366Da8546fC250F225fe3d25d0C782303b,0x253553366da8546fc250f225fe3d25d0c782303b,True
0x25B4f5D4C314bCD5d7962734936C957B947cb7CF,0x25b4f5d4c314bcd5d7962734936c957b947cb7cf,True
0x25b81CE58AB0C4877D25A96Ad644491CEAb81048,0x25b81ce58ab0c4877d25a96ad644491ceab81048,True
0x25f8087EAD173b73D6e8B84329989A8eEA16CF73,0x25f8087ead173b73d6e8b84329989a8eea16cf73,True
0x2614f29C39dE46468A921Fd0b41fdd99A01f2EDf,0x2614f29c39de46468a921fd0b41fdd99a01f2edf,True
0x26c8AFBBFE1EBaca03C2bB082E69D0476Bffe099,0x26c8afbbfe1ebaca03c2bb082e69d0476bffe099,True
0x26EbB8213fb8D66156F1Af8908d43f7e3e367C1d,0x26ebb8213fb8d66156f1af8908d43f7e3e367c1d,True
0x278b77Bb127081cad7BecA2d7b863C459a436Dd6,0x278b77bb127081cad7beca2d7b863c459a436dd6,True
0x27abF5aE0d9370E8Adcaa6f0bB480F63f4efcCC1,0x27abf5ae0d9370e8adcaa6f0bb480f63f4efccc1,True
0x28E395a54a64284DBA39652921Cd99924f4e3797,0x28e395a54a64284dba39652921cd99924f4e3797,True
0x292fcDD1B104DE5A00250fEBbA9bC6A5092A0076,0x292fcdd1b104de5a00250febba9bc6a5092a0076,True
0x29469395eAf6f95920E59F858042f0e28D98a20B,0x29469395eaf6f95920e59f858042f0e28d98a20b,True
0x298f243aD592b6027d4717fBe9DeCda668E3c3A8,0x298f243ad592b6027d4717fbe9decda668e3c3a8,True
0x29f1f7650400Ea357d3376dA4BadE904119c28B8,0x29f1f7650400ea357d3376da4bade904119c28b8,True
0x2A1DCA74419c2D304A3D359F428eE1A4e9324A90,0x2a1dca74419c2d304a3d359f428ee1a4e9324a90,True
0x2a2C412c440Dfb0E7cae46EFF581e3E26aFd1Cd0,0x2a2c412c440dfb0e7cae46eff581e3e26afd1cd0,True
0x2a3DD3EB832aF982ec71669E178424b10Dca2EDe,0x2a3dd3eb832af982ec71669e178424b10dca2ede,True
0x2a42Ccca55FdE8a9CA2D7f3C66fcddE99B4baB90,0x2a42ccca55fde8a9ca2d7f3c66fcdde99b4bab90,True
0x2a6E2835D0F2fb55a7ae6CBD71765eCB2D4343b1,0x2a6e2835d0f2fb55a7ae6cbd71765ecb2d4343b1,True
0x2A8d0F392673e26661B5C3354bc6C6044D6652BC,0x2a8d0f392673e26661b5c3354bc6c6044d6652bc,True
0x2B0ee28D4D51bC9aDde5E58E295873F61F4a0507,0x2b0ee28d4d51bc9adde5e58e295873f61f4a0507,True
0x2b2d569788D8123c29887C7717ad3250BFD29251,0x2b2d569788d8123c29887c7717ad3250bfd29251,True
0x2b591e99afE9f32eAA6214f7B7629768c40Eeb39,0x2b591e99afe9f32eaa6214f7b7629768c40eeb39,True
0x2C537E5624e4af88A7ae4060C022609376C8D0EB,0x2c537e5624e4af88a7ae4060c022609376c8d0eb,True
0x2dfF88A56767223A5529eA5960Da7A3F5f766406,0x2dff88a56767223a5529ea5960da7a3f5f766406,True
0x2E27b600b8479aBFA85603Fc8247a247A7613f84,0x2e27b600b8479abfa85603fc8247a247a7613f84,True
0x2Ec705D306b51e486B1bC0D6ebEE708E0661ADd1,0x2ec705d306b51e486b1bc0d6ebee708e0661add1,True
0x2F141Ce366a2462f02cEA3D12CF93E4DCa49e4Fd,0x2f141ce366a2462f02cea3d12cf93e4dca49e4fd,True
0x2F47cA81a38CB76F94256706750a4eA879E7CF9F,0x2f47ca81a38cb76f94256706750a4ea879e7cf9f,True
0x2f956b2f801c6dad74E87E7f45c94f6283BF0f45,0x2f956b2f801c6dad74e87e7f45c94f6283bf0f45,True
0x2fb652314C3d850E9049057bBE9813F1eEe882d3,0x2fb652314c3d850e9049057bbe9813f1eee882d3,True
0x308861A430be4cce5502d0A12724771Fc6DaF216,0x308861a430be4cce5502d0a12724771fc6daf216,True
0x30A2dE7CD73882e7c056e6783cEebA3EAA7c7FB7,0x30a2de7cd73882e7c056e6783ceeba3eaa7c7fb7,True
0x30a4aa1d14D44f0f5BFe887447AB6FAcc94A549F,0x30a4aa1d14d44f0f5bfe887447ab6facc94a549f,True
0x320623b8E4fF03373931769A31Fc52A4E78B5d70,0x320623b8e4ff03373931769a31fc52a4e78b5d70,True
0x324c5Dc1fC42c7a4D43d92df1eBA58a54d13Bf2d,0x324c5dc1fc42c7a4d43d92df1eba58a54d13bf2d,True
0x3301Ee63Fb29F863f2333Bd4466acb46CD8323E6,0x3301ee63fb29f863f2333bd4466acb46cd8323e6,True
0x3328F7f4A1D1C57c35df56bBf0c9dCAFCA309C49,0x3328f7f4a1d1c57c35df56bbf0c9dcafca309c49,True
0x3335733c454805df6a77f825f266e136FB4a3333,0x3335733c454805df6a77f825f266e136fb4a3333,True
0x334aA5996583722cC850344eC02fD99bc263C56d,0x334aa5996583722cc850344ec02fd99bc263c56d,True
0x33C04Bed4533e31f2Afb8AC4a61A48Eda38C4fA0,0x33c04bed4533e31f2afb8ac4a61a48eda38c4fa0,True
0x3429d03c6F7521AeC737a0BBF2E5ddcef2C3Ae31,0x3429d03c6f7521aec737a0bbf2e5ddcef2c3ae31,True
0x347Af8252640b26887182F84CE3191549D3EAb41,0x347af8252640b26887182f84ce3191549d3eab41,True
0x34a77Aa9AE42ff9a9B2078E450651D112D5BE908,0x34a77aa9ae42ff9a9b2078e450651d112d5be908,True
0x34E6Fd53C6C10141774a28de9520e21af6274d4B,0x34e6fd53c6c10141774a28de9520e21af6274d4b,True
0x3506424F91fD33084466F402d5D97f05F8e3b4AF,0x3506424f91fd33084466f402d5d97f05f8e3b4af,True
0x3593D125a4f7849a1B059E64F4517A86Dd60c95d,0x3593d125a4f7849a1b059e64f4517a86dd60c95d,True
0x35ac13efaAb970f32269B61e4704F4377ce7a0AD,0x35ac13efaab970f32269b61e4704f4377ce7a0ad,True
0x35c562E8b6B53fe6B89343B894Bf49a39c70ecb6,0x35c562e8b6b53fe6b89343b894bf49a39c70ecb6,True
0x35D8949372D46B7a3D5A56006AE77B215fc69bC0,0x35d8949372d46b7a3d5a56006ae77b215fc69bc0,True
0x35fA164735182de50811E8e2E824cFb9B6118ac2,0x35fa164735182de50811e8e2e824cfb9b6118ac2,True
0x360E051A25ca6DecD2f0e91ea4c179a96C0E565e,0x360e051a25ca6decd2f0e91ea4c179a96c0e565e,True
0x367879D7CdB2d36D63D00976760c2a71819f17E8,0x367879d7cdb2d36d63d00976760c2a71819f17e8,True
0x367C42a6F261EC54FFBEcf5f41C226BE12A3dCA0,0x367c42a6f261ec54ffbecf5f41c226be12a3dca0,True
0x36E66fbBce51e4cD5bd3C62B637Eb411b18949D4,0x36e66fbbce51e4cd5bd3c62b637eb411b18949d4,True
0x3845badAde8e6dFF049820680d1F14bD3903a5d0,0x3845badade8e6dff049820680d1f14bd3903a5d0,True
0x38A868000000a600a300867c596D400D79970500,0x38a868000000a600a300867c596d400d79970500,True
0x38D43a6Cb8DA0E855A42fB6b0733A0498531d774,0x38d43a6cb8da0e855a42fb6b0733a0498531d774,True
0x38F5dbBbb65BE0af97f5e7c9E89E1012c0dc0163,0x38f5dbbbb65be0af97f5e7c9e89e1012c0dc0163,True
0x39053D51B77DC0d36036Fc1fCc8Cb819df8Ef37A,0x39053d51b77dc0d36036fc1fcc8cb819df8ef37a,True
0x39da41747a83aeE658334415666f3EF92DD0D541,0x39da41747a83aee658334415666f3ef92dd0d541,True
0x39fBBABf11738317a448031930706cd3e612e1B9,0x39fbbabf11738317a448031930706cd3e612e1b9,True
0x3a05E5d33d7Ab3864D53aaEc93c8301C1Fa49115,0x3a05e5d33d7ab3864d53aaec93c8301c1fa49115,True
0x3A10dC1A145dA500d5Fba38b9EC49C8ff11a981F,0x3a10dc1a145da500d5fba38b9ec49c8ff11a981f,True
0x3a23F943181408EAC424116Af7b7790c94Cb97a5,0x3a23f943181408eac424116af7b7790c94cb97a5,True
0x3a5cc8689D1b0cEf2c317bC5C0aD6Ce88B27D597,0x3a5cc8689d1b0cef2c317bc5c0ad6ce88b27d597,True
0x3af33bEF05C2dCb3C7288b77fe1C8d2AeBA4d789,0x3af33bef05c2dcb3c7288b77fe1c8d2aeba4d789,True
0x3B604747ad1720C01ded0455728b62c0d2F100F0,0x3b604747ad1720c01ded0455728b62c0d2f100f0,True
0x3bc1588f8D987C9ED07B3796AA50ccBF10514326,0x3bc1588f8d987c9ed07b3796aa50ccbf10514326,True
0x3BE7BBe6D61EdA1524a904e5ddE46A22AFEB35e8,0x3be7bbe6d61eda1524a904e5dde46a22afeb35e8,True
0x3BE7bF1A5F23BD8336787D0289B70602f1940875,0x3be7bf1a5f23bd8336787d0289b70602f1940875,True
0x3bfe113fe756a66C96A8945E00474B1b2377bFb1,0x3bfe113fe756a66c96a8945e00474b1b2377bfb1,True
0x3c11F6265Ddec22f4d049Dde480615735f451646,0x3c11f6265ddec22f4d049dde480615735f451646,True
0x3c771B8E9C2De581e0437c7aBaf31c6fCb3ab336,0x3c771b8e9c2de581e0437c7abaf31c6fcb3ab336,True
0x3CACa7b48D0573D793d3b0279b5F0029180E83b6,0x3caca7b48d0573d793d3b0279b5f0029180e83b6,True
0x3CE65Ee812d2ef381F3A62d22fC1c781405b06cd,0x3ce65ee812d2ef381f3a62d22fc1c781405b06cd,True
0x3d0BB8803a6C1Fee1b3E8bf730534574623cB70f,0x3d0bb8803a6c1fee1b3e8bf730534574623cb70f,True
0x3D658390460295FB963f54dC0899cfb1c30776Df,0x3d658390460295fb963f54dc0899cfb1c30776df,True
0x3DB08A08434bfB774271E46d277468F8Da0dA144,0x3db08a08434bfb774271e46d277468f8da0da144,True
0x3E5A19c91266aD8cE2477B91585d1856B84062dF,0x3e5a19c91266ad8ce2477b91585d1856b84062df,True
0x3E5EF7431ed6ab49b71e13a5d78ec3c26c12e1DB,0x3e5ef7431ed6ab49b71e13a5d78ec3c26c12e1db,True
0x3ee18B2214AFF97000D974cf647E7C347E8fa585,0x3ee18b2214aff97000d974cf647e7c347e8fa585,True
0x3Ef3D8bA38EBe18DB133cEc108f4D14CE00Dd9Ae,0x3ef3d8ba38ebe18db133cec108f4d14ce00dd9ae,True
0x3F6cE1b36e5120BBc59D0cFe8A5aC8b6464ac1f7,0x3f6ce1b36e5120bbc59d0cfe8a5ac8b6464ac1f7,True
0x3FAcE0004bC1003B9d0672e7B23134Cb80115fb6,0x3face0004bc1003b9d0672e7b23134cb80115fb6,True
0x3fC91A3afd70395Cd496C647d5a6CC9D4B2b7FAD,0x3fc91a3afd70395cd496c647d5a6cc9d4b2b7fad,True
0x3fFEea07a27Fab7ad1df5297fa75e77a43CB5790,0x3ffeea07a27fab7ad1df5297fa75e77a43cb5790,True
0x4095F064B8d3c3548A3bebfd0Bbfd04750E30077,0x4095f064b8d3c3548a3bebfd0bbfd04750e30077,True
0x419D0d8BdD9aF5e606Ae2232ed285Aff190E711b,0x419d0d8bdd9af5e606ae2232ed285aff190e711b,True
0x41A1FBEa7Ace3C3a6B66a73e96E5ED07CDB2A34d,0x41a1fbea7ace3c3a6b66a73e96e5ed07cdb2a34d,True
0x41Eeba3355d7D6FF628B7982F3F9D055c39488cB,0x41eeba3355d7d6ff628b7982f3f9d055c39488cb,True
0x420FBb6006FB251318414FfA530590c3D7618E33,0x420fbb6006fb251318414ffa530590c3d7618e33,True
0x42183725DF3be80Bcefb3D12528417698C0C8a8c,0x42183725df3be80bcefb3d12528417698c0c8a8c,True
0x422F5acCC812C396600010f224b320a743695f85,0x422f5accc812c396600010f224b320a743695f85,True
0x42476F744292107e34519F9c357927074Ea3F75D,0x42476f744292107e34519f9c357927074ea3f75d,True
0x429Cf888dAE41D589D57F6Dc685707beC755fe63,0x429cf888dae41d589d57f6dc685707bec755fe63,True
0x4313C378Cc91eA583C91387B9216e2c03096b27f,0x4313c378cc91ea583c91387b9216e2c03096b27f,True
0x437636e4b984EAe19045626AA269a89f906cf96c,0x437636e4b984eae19045626aa269a89f906cf96c,True
0x43dE2d77BF8027e25dBD179B491e8d64f38398aA,0x43de2d77bf8027e25dbd179b491e8d64f38398aa,True
0x43Ee35d5542F5B826fa92832bD97CAFF153675A8,0x43ee35d5542f5b826fa92832bd97caff153675a8,True
0x4575f41308EC1483f3d399aa9a2826d74Da13Deb,0x4575f41308ec1483f3d399aa9a2826d74da13deb,True
0x45804880De22913dAFE09f4980848ECE6EcbAf78,0x45804880de22913dafe09f4980848ece6ecbaf78,True
0x4591fd0C3160CDbFef4caf804Df3e45dA23aF56a,0x4591fd0c3160cdbfef4caf804df3e45da23af56a,True
0x46030F5E33AFa7d0b7c0c54a3A8017e10140A979,0x46030f5e33afa7d0b7c0c54a3a8017e10140a979,True
0x4691937a7508860F876c9c0a2a617E7d9E945D4B,0x4691937a7508860f876c9c0a2a617e7d9e945d4b,True
0x46950Ba8946D7be4594399bcf203fB53E1fd7D37,0x46950ba8946d7be4594399bcf203fb53e1fd7d37,True
0x469823c7B84264D1BAfBcD6010e9cdf1cac305a3,0x469823c7b84264d1bafbcd6010e9cdf1cac305a3,True
0x46A15B0b27311cedF172AB29E4f4766fbE7F4364,0x46a15b0b27311cedf172ab29e4f4766fbe7f4364,True
0x46B054c577af29d6429651805F2D17C99e274038,0x46b054c577af29d6429651805f2d17c99e274038,True
0x4733E9e602547dC7706579E9898A690c0F19f6E2,0x4733e9e602547dc7706579e9898a690c0f19f6e2,True
0x47EeB334162e533150e501dD949ea7f4e59689EE,0x47eeb334162e533150e501dd949ea7f4e59689ee,True
0x487d62468282Bd04ddf976631C23128A425555EE,0x487d62468282bd04ddf976631c23128a425555ee,True
0x48b6101128C0ed1E208b7C910e60542A2ee6f476,0x48b6101128c0ed1e208b7c910e60542a2ee6f476,True
0x48Bf52fc96fb5C17DD780A8C5396aBC2C9974fdA,0x48bf52fc96fb5c17dd780a8c5396abc2c9974fda,True
0x48EC5560bFD59b95859965cCE48cC244CFDF6b0c,0x48ec5560bfd59b95859965cce48cc244cfdf6b0c,True
0x491604c0FDF08347Dd1fa4Ee062a822A5DD06B5D,0x491604c0fdf08347dd1fa4ee062a822a5dd06b5d,True
0x4a220E6096B25EADb88358cb44068A3248254675,0x4a220e6096b25eadb88358cb44068a3248254675,True
0x4aa42145Aa6Ebf72e164C9bBC74fbD3788045016,0x4aa42145aa6ebf72e164c9bbc74fbd3788045016,True
0x4AC429A7cdf2b533E2c0cFF1b017F2c344E864e2,0x4ac429a7cdf2b533e2c0cff1b017f2c344e864e2,True
0x4B08528D3C0Bc46FAb2701ACEf64CD53D6B3f9cd,0x4b08528d3c0bc46fab2701acef64cd53d6b3f9cd,True
0x4B4867541F6E756bE4119A171b7da17A1558C463,0x4b4867541f6e756be4119a171b7da17a1558c463,True
0x4B5f49487ea7B3609b1aD05459BE420548789f1f,0x4b5f49487ea7b3609b1ad05459be420548789f1f,True
0x4b9278b94a1112cAD404048903b8d343a810B07e,0x4b9278b94a1112cad404048903b8d343a810b07e,True
0x4beFa2aA9c305238AA3E0b5D17eB20C045269E9d,0x4befa2aa9c305238aa3e0b5d17eb20c045269e9d,True
0x4C36d2919e407f0Cc2Ee3c993ccF8ac26d9CE64e,0x4c36d2919e407f0cc2ee3c993ccf8ac26d9ce64e,True
0x4C6745a4Ced73f4152aE758388D1f8568882F802,0x4c6745a4ced73f4152ae758388d1f8568882f802,True
0x4d224452801ACEd8B2F0aebE155379bb5D594381,0x4d224452801aced8b2f0aebe155379bb5d594381,True
0x4d7968ebfD390D5E7926Cb3587C39eFf2F9FB225,0x4d7968ebfd390d5e7926cb3587c39eff2f9fb225,True
0x4da27a545c0c5B758a6BA100e3a049001de870f5,0x4da27a545c0c5b758a6ba100e3a049001de870f5,True
0x4dB84022f2f99394A1E91BEFf877A03706CB391F,0x4db84022f2f99394a1e91beff877a03706cb391f,True
0x4E15361FD6b4BB609Fa63C81A2be19d873717870,0x4e15361fd6b4bb609fa63c81a2be19d873717870,True
0x4e3FBD56CD56c3e72c1403e103b45Db9da5B9D2B,0x4e3fbd56cd56c3e72c1403e103b45db9da5b9d2b,True
0x4f14E88B5037F0cA24348Fa707E4A7Ee5318d9d5,0x4f14e88b5037f0ca24348fa707e4a7ee5318d9d5,True
0x4F2595C35e8fb48B4a748a3B87F8C60C0c941DD5,0x4f2595c35e8fb48b4a748a3b87f8c60c0c941dd5,True
0x4f9Fbb3f1E99B56e0Fe2892e623Ed36A76Fc605d,0x4f9fbb3f1e99b56e0fe2892e623ed36a76fc605d,True
0x4FA98B4640D73991007E109C41814310431aDa58,0x4fa98b4640d73991007e109c41814310431ada58,True
0x4Fabb145d64652a948d72533023f6E7A623C7C53,0x4fabb145d64652a948d72533023f6e7a623c7c53,True
0x5026F006B85729a8b14553FAE6af249aD16c9aaB,0x5026f006b85729a8b14553fae6af249ad16c9aab,True
0x5050e08626c499411B5D0E0b5AF0E83d3fD82EDF,0x5050e08626c499411b5d0e0b5af0e83d3fd82edf,True
0x505B5eDa5E25a67E1c24A2BF1a527Ed9eb88Bf04,0x505b5eda5e25a67e1c24a2bf1a527ed9eb88bf04,True
0x507888e987257a8DdE6F8AFa46375CEfe2CbF504,0x507888e987257a8dde6f8afa46375cefe2cbf504,True
0x5079FC00f00F30000E0c8C083801cFdE000008b6,0x5079fc00f00f30000e0c8c083801cfde000008b6,True
0x50ccf30828DdDA5aDFd25A3CEc24b83F13496774,0x50ccf30828ddda5adfd25a3cec24b83f13496774,True
0x50e25C915206B58e964A7B16594Dca0da432f6De,0x50e25c915206b58e964a7b16594dca0da432f6de,True
0x50f9bDe1c76bba997a5d6e7FEFff695ec8536194,0x50f9bde1c76bba997a5d6e7fefff695ec8536194,True
0x5132A183E9F3CB7C848b0AAC5Ae0c4f0491B7aB2,0x5132a183e9f3cb7c848b0aac5ae0c4f0491b7ab2,True
0x514910771AF9Ca656af840dff83E8264EcF986CA,0x514910771af9ca656af840dff83e8264ecf986ca,True
0x51C72848c68a965f66FA7a88855F9f7784502a7F,0x51c72848c68a965f66fa7a88855f9f7784502a7f,True
0x52321ECFbb8474C42c4D1114bA603A5FD2106cAb,0x52321ecfbb8474c42c4d1114ba603a5fd2106cab,True
0x52498F8d9791736f1D6398fE95ba3BD868114d10,0x52498f8d9791736f1d6398fe95ba3bd868114d10,True
0x525574C899A7c877a11865339e57376092168258,0x525574c899a7c877a11865339e57376092168258,True
0x525A8F6F3Ba4752868cde25164382BfbaE3990e1,0x525a8f6f3ba4752868cde25164382bfbae3990e1,True
0x5283D291DBCF85356A21bA090E6db59121208b44,0x5283d291dbcf85356a21ba090e6db59121208b44,True
0x52A8845DF664D76C69d2EEa607CD793565aF42B8,0x52a8845df664d76c69d2eea607cd793565af42b8,True
0x52ca1CB9Fc6fBD1CfE5630E74DE8738B517A367a,0x52ca1cb9fc6fbd1cfe5630e74de8738b517a367a,True
0x53522fA4156dc18EC0Fd5219D4d5A98C358aa6FB,0x53522fa4156dc18ec0fd5219d4d5a98c358aa6fb,True
0x539Df29307c2507BC5fc24746FdcEef6FD76c632,0x539df29307c2507bc5fc24746fdceef6fd76c632,True
0x53e0e51b5Ed9202110D7Ecd637A4581db8b9879F,0x53e0e51b5ed9202110d7ecd637a4581db8b9879f,True
0x549020a9Cb845220D66d3E9c6D9F9eF61C981102,0x549020a9cb845220d66d3e9c6d9f9ef61c981102,True
0x54A612e460036D1bA68156a11a30bCf8699907C3,0x54a612e460036d1ba68156a11a30bcf8699907c3,True
0x54e44DbB92dBA848ACe27F44c0CB4268981eF1CC,0x54e44dbb92dba848ace27f44c0cb4268981ef1cc,True
0x5520A65c6014bdcBAE2d50cD7fAdD9e14E85Bf66,0x5520a65c6014bdcbae2d50cd7fadd9e14e85bf66,True
0x5523985926Aa12BA58DC5Ad00DDca99678D7227E,0x5523985926aa12ba58dc5ad00ddca99678d7227e,True
0x55cD6418Afe170A91e0Be03d7306aB4B755B7ee5,0x55cd6418afe170a91e0be03d7306ab4b755b7ee5,True
0x560363BdA52BC6A44CA6C8c9B4a5FadbDa32fa60,0x560363bda52bc6a44ca6c8c9b4a5fadbda32fa60,True
0x56153B1cbe7EEd0B21E60F66cb5e8917E3b30617,0x56153b1cbe7eed0b21e60f66cb5e8917e3b30617,True
0x5661cCE69Db3B3a464e5b6220E7bd833d57C1921,0x5661cce69db3b3a464e5b6220e7bd833d57c1921,True
0x56eD897ffCceAA7A5e59C041380a566d66d6af32,0x56ed897ffcceaa7a5e59c041380a566d66d6af32,True
0x576e2BeD8F7b46D34016198911Cdf9886f78bea7,0x576e2bed8f7b46d34016198911cdf9886f78bea7,True
0x57891966931Eb4Bb6FB81430E6cE0A03AAbDe063,0x57891966931eb4bb6fb81430e6ce0a03aabde063,True
0x579CEa1889991f68aCc35Ff5c3dd0621fF29b0C9,0x579cea1889991f68acc35ff5c3dd0621ff29b0c9,True
0x57a204AA1042f6E66DD7730813f4024114d74f37,0x57a204aa1042f6e66dd7730813f4024114d74f37,True
0x57e114B691Db790C35207b2e685D4A43181e6061,0x57e114b691db790c35207b2e685d4a43181e6061,True
0x582d872A1B094FC48F5DE31D3B73F2D9bE47def1,0x582d872a1b094fc48f5de31d3b73f2d9be47def1,True
0x58b6A8A3302369DAEc383334672404Ee733aB239,0x58b6a8a3302369daec383334672404ee733ab239,True
0x594DaaD7D77592a2b97b725A7AD59D7E188b5bFa,0x594daad7d77592a2b97b725a7ad59d7e188b5bfa,True
0x5954aB967Bc958940b7EB73ee84797Dc8a2AFbb9,0x5954ab967bc958940b7eb73ee84797dc8a2afbb9,True
0x595832F8FC6BF59c85C527fEC3740A1b7a361269,0x595832f8fc6bf59c85c527fec3740a1b7a361269,True
0x59ac6a6944e078B780d14fE6D92Dcc1CA9257bf0,0x59ac6a6944e078b780d14fe6d92dcc1ca9257bf0,True
0x5a3e6A77ba2f983eC0d371ea3B475F8Bc0811AD5,0x5a3e6a77ba2f983ec0d371ea3b475f8bc0811ad5,True
0x5A98FcBEA516Cf06857215779Fd812CA3beF1B32,0x5a98fcbea516cf06857215779fd812ca3bef1b32,True
0x5aFE3855358E112B5647B952709E6165e1c1eEEe,0x5afe3855358e112b5647b952709e6165e1c1eeee,True
0x5B93D80DA1a359340d1F339FB574bDC56763f995,0x5b93d80da1a359340d1f339fb574bdc56763f995,True
0x5C20Df4b1b0103dEC0F72FE76457431d97A38293,0x5c20df4b1b0103dec0f72fe76457431d97a38293,True
0x5C5b196aBE0d54485975D1Ec29617D42D9198326,0x5c5b196abe0d54485975d1ec29617d42d9198326,True
0x5c5f69CE88EA25146BDC348B8078ba86B3dCFce2,0x5c5f69ce88ea25146bdc348b8078ba86b3dcfce2,True
0x5c7BCd6E7De5423a257D81B442095A1a6ced35C5,0x5c7bcd6e7de5423a257d81b442095a1a6ced35c5,True
0x5c9321e92Ba4eb43f2901c4952358e132163a85A,0x5c9321e92ba4eb43f2901c4952358e132163a85a,True
0x5c9602687C65447747510aa429859aF3c52AB2dA,0x5c9602687c65447747510aa429859af3c52ab2da,True
0x5d22045DAcEAB03B158031eCB7D9d06Fad24609b,0x5d22045daceab03b158031ecb7d9d06fad24609b,True
0x5d578A8BC8d924E155Ac6C399D97597AA0DCAAaa,0x5d578a8bc8d924e155ac6c399d97597aa0dcaaaa,True
0x5DB5235b5C7e247488784986e58019fFFd98FdA4,0x5db5235b5c7e247488784986e58019fffd98fda4,True
0x5DDf30555EE9545c8982626B7E3B6F70e5c2635f,0x5ddf30555ee9545c8982626b7e3b6f70e5c2635f,True
0x5ebc127fae83ed5bdd91fc6a5f5767E259dF5642,0x5ebc127fae83ed5bdd91fc6a5f5767e259df5642,True
0x5Ee560E2010AA30dfBa052CCbBDC941C4b84Fe24,0x5ee560e2010aa30dfba052ccbbdc941c4b84fe24,True
0x5efc9D10E42FB517456f4ac41EB5e2eBe42C8918,0x5efc9d10e42fb517456f4ac41eb5e2ebe42c8918,True
0x5f65f7b609678448494De4C87521CdF6cEf1e932,0x5f65f7b609678448494de4c87521cdf6cef1e932,True
0x5F6AE08B8AeB7078cf2F96AFb089D7c9f51DA47d,0x5f6ae08b8aeb7078cf2f96afb089d7c9f51da47d,True
0x5F6c431AC417f0f430B84A666a563FAbe681Da94,0x5f6c431ac417f0f430b84a666a563fabe681da94,True
0x5f9772c051BBeb27f1CB2a1A59D21BfF98bBE058,0x5f9772c051bbeb27f1cb2a1a59d21bff98bbe058,True
0x5f9Ecf757137d5Ef4330aB72d18163c2f221befD,0x5f9ecf757137d5ef4330ab72d18163c2f221befd,True
0x5FDCCA53617f4d2b9134B29090C87D01058e27e9,0x5fdcca53617f4d2b9134b29090c87d01058e27e9,True
0x5FF137D4b0FDCD49DcA30c7CF57E578a026d2789,0x5ff137d4b0fdcd49dca30c7cf57e578a026d2789,True
0x6000915619Db04a374B4590A1E0afdf269375C47,0x6000915619db04a374b4590a1e0afdf269375c47,True
0x602C90D796D746b97a36f075d9f3b2892B9B07c2,0x602c90d796d746b97a36f075d9f3b2892b9b07c2,True
0x60493F5A9b98ad1E2A41b8D3a62A320fF9f69Ab1,0x60493f5a9b98ad1e2a41b8d3a62a320ff9f69ab1,True
0x6063024646E8A1561970840a4b0e0f1082f5a670,0x6063024646e8a1561970840a4b0e0f1082f5a670,True
0x6064A9a423D1F72f413970Ca012f7ef22E2D701a,0x6064a9a423d1f72f413970ca012f7ef22e2d701a,True
0x6081d7F04a8c31e929f25152d4ad37c83638C62b,0x6081d7f04a8c31e929f25152d4ad37c83638c62b,True
0x609c690e8F7D68a59885c9132e812eEbDaAf0c9e,0x609c690e8f7d68a59885c9132e812eebdaaf0c9e,True
0x60C352Fb70598f548C5B6b27c2484dd0323eC793,0x60c352fb70598f548c5b6b27c2484dd0323ec793,True
0x60Ca5697DFA650B38e8cf4a5bc4d83F03A90035A,0x60ca5697dfa650b38e8cf4a5bc4d83f03a90035a,True
0x6123B0049F904d730dB3C36a31167D9d4121fA6B,0x6123b0049f904d730db3c36a31167d9d4121fa6b,True
0x6131B5fae19EA4f9D964eAc0408E4408b66337b5,0x6131b5fae19ea4f9d964eac0408e4408b66337b5,True
0x6135177A17E02658dF99A07A2841464deB5B8589,0x6135177a17e02658df99a07a2841464deb5b8589,True
0x615F29caA61EF1b133E2dD4200DE8D790b5aA1f9,0x615f29caa61ef1b133e2dd4200de8d790b5aa1f9,True
0x61E90A50137E1F645c9eF4a0d3A4f01477738406,0x61e90a50137e1f645c9ef4a0d3a4f01477738406,True
0x6226e00bCAc68b0Fe55583B90A1d727C14fAB77f,0x6226e00bcac68b0fe55583b90a1d727c14fab77f,True
0x62415Fdb4751c3Adb8c507EF88171a9B78c2Be67,0x62415fdb4751c3adb8c507ef88171a9b78c2be67,True
0x626E8036dEB333b408Be468F951bdB42433cBF18,0x626e8036deb333b408be468f951bdb42433cbf18,True
0x62D0A8458eD7719FDAF978fe5929C6D342B0bFcE,0x62d0a8458ed7719fdaf978fe5929c6d342b0bfce,True
0x6352a56caadC4F1E25CD6c75970Fa768A3304e64,0x6352a56caadc4f1e25cd6c75970fa768a3304e64,True
0x63696Fc66795B51d02c1590b536484A41fbDDF9a,0x63696fc66795b51d02c1590b536484a41fbddf9a,True
0x636bd98fC13908e475F56d8a38a6e03616Ec5563,0x636bd98fc13908e475f56d8a38a6e03616ec5563,True
0x63756A3C3BF677BAAB9D9e06457402ED05BE8570,0x63756a3c3bf677baab9d9e06457402ed05be8570,True
0x64375B06f5C626a52d3EA5fe496812a08958FB68,0x64375b06f5c626a52d3ea5fe496812a08958fb68,True
0x644192291cc835A93d6330b24EA5f5FEdD0eEF9e,0x644192291cc835a93d6330b24ea5f5fedd0eef9e,True
0x6475bdeb4992Ac77DfAA0b9F752607FeCb7ae77c,0x6475bdeb4992ac77dfaa0b9f752607fecb7ae77c,True
0x64776B0907b839e759f91a5a328EA143067dDCd7,0x64776b0907b839e759f91a5a328ea143067ddcd7,True
0x64Bc2cA1Be492bE7185FAA2c8835d9b824c8a194,0x64bc2ca1be492be7185faa2c8835d9b824c8a194,True
0x651ce960BDEbEE7A01865B5C5C91035f8ffb12B9,0x651ce960bdebee7a01865b5c5c91035f8ffb12b9,True
0x652329cc4F00Af06a8020B41846d54a439A64620,0x652329cc4f00af06a8020b41846d54a439a64620,True
0x6553565EaC5DAa9BfC5E2892B36291634c9B2ad6,0x6553565eac5daa9bfc5e2892b36291634c9b2ad6,True
0x6571e50e8769d236414f3fB9e9B1D05341f6f79a,0x6571e50e8769d236414f3fb9e9b1d05341f6f79a,True
0x65A8b32bc4dE5E0156DBa85Ce615d9ef8ea59780,0x65a8b32bc4de5e0156dba85ce615d9ef8ea59780,True
0x65b382653f7C31bC0Af67f188122035461ec9C76,0x65b382653f7c31bc0af67f188122035461ec9c76,True
0x66017D22b0f8556afDd19FC67041899Eb65a21bb,0x66017d22b0f8556afdd19fc67041899eb65a21bb,True
0x663DC15D3C1aC63ff12E45Ab68FeA3F0a883C251,0x663dc15d3c1ac63ff12e45ab68fea3f0a883c251,True
0x66761Fa41377003622aEE3c7675Fc7b5c1C2FaC5,0x66761fa41377003622aee3c7675fc7b5c1c2fac5,True
0x66F67bB3376C87F384688A87FF9e63DE22264A61,0x66f67bb3376c87f384688a87ff9e63de22264a61,True
0x6719C6EbF80d6499Ca9ce170CDa72bEb3f1d1A54,0x6719c6ebf80d6499ca9ce170cda72beb3f1d1a54,True
0x672ab08eaCa5506e473798fBE982dcf50405D1be,0x672ab08eaca5506e473798fbe982dcf50405d1be,True
0x673838EC6dD947A53FE336F5e2C581d85605B3c2,0x673838ec6dd947a53fe336f5e2c581d85605b3c2,True
0x675BBC7514013E2073DB7a919F6e4cbeF576de37,0x675bbc7514013e2073db7a919f6e4cbef576de37,True
0x681d0d7196a036661b354Fa2a7e3b73C2AdC43EC,0x681d0d7196a036661b354fa2a7e3b73c2adc43ec,True
0x684E4ED51D350b4d76A3a07864dF572D24e6dC4c,0x684e4ed51d350b4d76a3a07864df572d24e6dc4c,True
0x68b3465833fb72A70ecDF485E0e4C7bD8665Fc45,0x68b3465833fb72a70ecdf485e0e4c7bd8665fc45,True
0x68d3A973E7272EB388022a5C6518d9b2a2e66fBf,0x68d3a973e7272eb388022a5c6518d9b2a2e66fbf,True
0x69460570c93f9DE5E2edbC3052bf10125f0Ca22d,0x69460570c93f9de5e2edbc3052bf10125f0ca22d,True
0x6982508145454Ce325dDbE47a25d4ec3d2311933,0x6982508145454ce325ddbe47a25d4ec3d2311933,True
0x6985884C4392D348587B19cb9eAAf157F13271cd,0x6985884c4392d348587b19cb9eaaf157f13271cd,True
0x6A000F20005980200259B80c5102003040001068,0x6a000f20005980200259b80c5102003040001068,True
0x6a159543abfC7Baf816Fdbc99EfD48E4EE7acc63,0x6a159543abfc7baf816fdbc99efd48e4ee7acc63,True
0x6a3a3EEd1A254986Caab7d8D0afeEdE7523AF456,0x6a3a3eed1a254986caab7d8d0afeede7523af456,True
0x6a50353E2B7F2f96A7C5680c51B9f32565B04195,0x6a50353e2b7f2f96a7c5680c51b9f32565b04195,True
0x6a8b188FAdBe8B52A2c23EA2d0df74f8956E7730,0x6a8b188fadbe8b52a2c23ea2d0df74f8956e7730,True
0x6aA56e1D98b3805921C170EB4B3fe7D4Fda6D89b,0x6aa56e1d98b3805921c170eb4b3fe7d4fda6d89b,True
0x6aBAf438f098F75C5892E1FABF08B1896C805967,0x6abaf438f098f75c5892e1fabf08b1896c805967,True
0x6b15602f008a05D9694D777dEaD2F05586216cB4,0x6b15602f008a05d9694d777dead2f05586216cb4,True
0x6B175474E89094C44Da98b954EedeAC495271d0F,0x6b175474e89094c44da98b954eedeac495271d0f,True
0x6B3595068778DD592e39A122f4f5a5cF09C90fE2,0x6b3595068778dd592e39a122f4f5a5cf09c90fe2,True
0x6B417828051328caef5B4e0BfE8325962Ec8fB17,0x6b417828051328caef5b4e0bfe8325962ec8fb17,True
0x6b66ccd1340c479B07B390d326eaDCbb84E726Ba,0x6b66ccd1340c479b07b390d326eadcbb84e726ba,True
0x6b75d8AF000000e20B7a7DDf000Ba900b4009A80,0x6b75d8af000000e20b7a7ddf000ba900b4009a80,True
0x6B9f031D718dDed0d681c20cB754F97b3BB81b78,0x6b9f031d718dded0d681c20cb754f97b3bb81b78,True
0x6BeA7CFEF803D1e3d5f7C0103f7ded065644e197,0x6bea7cfef803d1e3d5f7c0103f7ded065644e197,True
0x6c13E8a16cDbd2E2dd19F70d87c1372C3563eC05,0x6c13e8a16cdbd2e2dd19f70d87c1372c3563ec05,True
0x6c3ea9036406852006290770BEdFcAbA0e23A0e8,0x6c3ea9036406852006290770bedfcaba0e23a0e8,True
0x6c5bA91642F10282b576d91922Ae6448C9d52f4E,0x6c5ba91642f10282b576d91922ae6448c9d52f4e,True
0x6c6EE5e31d828De241282B9606C8e98Ea48526E2,0x6c6ee5e31d828de241282b9606c8e98ea48526e2,True
0x6d4130edc913eAc8B22c2a1864b491b34C3ad493,0x6d4130edc913eac8b22c2a1864b491b34c3ad493,True
0x6D7c44773C52D396F43c2D511B81aa168E9a7a42,0x6d7c44773c52d396f43c2d511b81aa168e9a7a42,True
0x6De037ef9aD2725EB40118Bb1702EBb27e4Aeb24,0x6de037ef9ad2725eb40118bb1702ebb27e4aeb24,True
0x6e277f3239488C379E4b2e3c33BF60bBF5A6f076,0x6e277f3239488c379e4b2e3c33bf60bbf5a6f076,True
0x6E79B51959CF968d87826592f46f819F92466615,0x6e79b51959cf968d87826592f46f819f92466615,True
0x6E9455D109202b426169F0d8f01A3332DAE160f3,0x6e9455d109202b426169f0d8f01a3332dae160f3,True
0x6eF06923F7A338B83859ef7f6C6EB1e9051940B5,0x6ef06923f7a338b83859ef7f6c6eb1e9051940b5,True
0x6F1cDbBb4d53d226CF4B917bF768B94acbAB6168,0x6f1cdbbb4d53d226cf4b917bf768b94acbab6168,True
0x6F70ceE5d27BC2A31e492c435f7161FdBa6Cc0d9,0x6f70cee5d27bc2a31e492c435f7161fdba6cc0d9,True
0x6fC79dDD0379Fd11d67dD73056465e822b843d13,0x6fc79ddd0379fd11d67dd73056465e822b843d13,True
0x70cD3464A41B6692413a1Ba563b9D53955D5DE0d,0x70cd3464a41b6692413a1ba563b9d53955d5de0d,True
0x7176f0F071379FeE51668Eb6387ddA9129E5CA6B,0x7176f0f071379fee51668eb6387dda9129e5ca6b,True
0x71a41517Fe65890fE835d67fce17a9747112696C,0x71a41517fe65890fe835d67fce17a9747112696c,True
0x71Ab77b7dbB4fa7e017BC15090b2163221420282,0x71ab77b7dbb4fa7e017bc15090b2163221420282,True
0x720CD16b011b987Da3518fbf38c3071d4F0D1495,0x720cd16b011b987da3518fbf38c3071d4f0d1495,True
0x7223442cad8e9cA474fC40109ab981608F8c4273,0x7223442cad8e9ca474fc40109ab981608f8c4273,True
0x72298Bd3Ed75E0aA289Ad61c6390596D60FfdceF,0x72298bd3ed75e0aa289ad61c6390596d60ffdcef,True
0x727116E19F7fC9862AA94F9c8DA8B33b43308Da9,0x727116e19f7fc9862aa94f9c8da8b33b43308da9,True
0x72A0B5Ca437e2f161Ae02C7013d8dD61d5401749,0x72a0b5ca437e2f161ae02c7013d8dd61d5401749,True
0x72Ce9c846789fdB6fC1f34aC4AD25Dd9ef7031ef,0x72ce9c846789fdb6fc1f34ac4ad25dd9ef7031ef,True
0x72e4f9F808C49A2a61dE9C5896298920Dc4EEEa9,0x72e4f9f808c49a2a61de9c5896298920dc4eeea9,True
0x7316D973b0269863BbfeD87302e11334E25eA565,0x7316d973b0269863bbfed87302e11334e25ea565,True
0x738e79fBC9010521763944ddF13aAD7f61502221,0x738e79fbc9010521763944ddf13aad7f61502221,True
0x739B355dCbb9c5163FB17AD381b1fC79b094bBFB,0x739b355dcbb9c5163fb17ad381b1fc79b094bbfb,True
0x73a8a6F5d9762EA5f1de193eC19CdF476C7e86b1,0x73a8a6f5d9762ea5f1de193ec19cdf476c7e86b1,True
0x73fBD93bFDa83B111DdC092aa3a4ca77fD30d380,0x73fbd93bfda83b111ddc092aa3a4ca77fd30d380,True
0x7420B4b9a0110cdC71fB720908340C03F9Bc03EC,0x7420b4b9a0110cdc71fb720908340c03f9bc03ec,True
0x74241e1A9c021643289476426B9B70229Ab40D53,0x74241e1a9c021643289476426b9b70229ab40d53,True
0x744030Ad4E6c10fAf5483b62473D88a254d62261,0x744030ad4e6c10faf5483b62473d88a254d62261,True
0x7510792A3B1969F9307F3845CE88e39578f2bAE1,0x7510792a3b1969f9307f3845ce88e39578f2bae1,True
0x7561DEAf4ECf96dc9F0d50B4136046979ACdAD3e,0x7561deaf4ecf96dc9f0d50b4136046979acdad3e,True
0x75aB076A00d76478e5fCc21Cfd95113802f06D23,0x75ab076a00d76478e5fcc21cfd95113802f06d23,True
0x760BcC590B18AA90a11c4E1DA468faD3236dC76d,0x760bcc590b18aa90a11c4e1da468fad3236dc76d,True
0x7613C48E0cd50E42dD9Bf0f6c235063145f6f8DC,0x7613c48e0cd50e42dd9bf0f6c235063145f6f8dc,True
0x761D38e5ddf6ccf6Cf7c55759d5210750B5D60F3,0x761d38e5ddf6ccf6cf7c55759d5210750b5d60f3,True
0x763A0CA93AF05adE98A52dc1E5B936b89bF8b89a,0x763a0ca93af05ade98a52dc1e5b936b89bf8b89a,True
0x764737FB03f2443798EB317677D253Ff226b97A9,0x764737fb03f2443798eb317677d253ff226b97a9,True
0x767AF52d988D1241A346851a1B39cCd11357376E,0x767af52d988d1241a346851a1b39ccd11357376e,True
0x767C8bB1574BEE5D4FE35E27e0003c89D43C5121,0x767c8bb1574bee5d4fe35e27e0003c89d43c5121,True
0x767FE9EDC9E0dF98E07454847909b5E959D7ca0E,0x767fe9edc9e0df98e07454847909b5e959d7ca0e,True
0x7701B2FC7a71703Ff212540ae16be1FcC1Aba1E5,0x7701b2fc7a71703ff212540ae16be1fcc1aba1e5,True
0x777BE1c6075c20184C4fd76344b7b0B7c858fe6B,0x777be1c6075c20184c4fd76344b7b0b7c858fe6b,True
0x777E2ae845272a2F540ebf6a3D03734A5a8f618e,0x777e2ae845272a2f540ebf6a3d03734a5a8f618e,True
0x77b2043768d28E9C9aB44E1aBfC95944bcE57931,0x77b2043768d28e9c9ab44e1abfc95944bce57931,True
0x77d5f03822f94B39ad6117F6a46761EC5879031b,0x77d5f03822f94b39ad6117f6a46761ec5879031b,True
0x77EDAE6A5f332605720688C7Fda7476476e8f83f,0x77edae6a5f332605720688c7fda7476476e8f83f,True
0x77FbA179C79De5B7653F68b5039Af940AdA60ce0,0x77fba179c79de5b7653f68b5039af940ada60ce0,True
0x784fDeBfD4779579B4cc2bac484129D29200412a,0x784fdebfd4779579b4cc2bac484129d29200412a,True
0x786d0536B63f3638bcD17897A98B066D901C27b8,0x786d0536b63f3638bcd17897a98b066d901c27b8,True
0x78E851C35326c9296485E9720D85CB3Bd153b428,0x78e851c35326c9296485e9720d85cb3bd153b428,True
0x790814Cd782983FaB4d7B92CF155187a865d9F18,0x790814cd782983fab4d7b92cf155187a865d9f18,True
0x7935083BAdE77E77c6b56A1f758A07114bA4A308,0x7935083bade77e77c6b56a1f758a07114ba4a308,True
0x7946a4bC596E0172C4f7FcC5A1da3A019EF85eB9,0x7946a4bc596e0172c4f7fcc5a1da3a019ef85eb9,True
0x7975aEd6122Ff78D5c5e3B7Aa8363D307ECa48b9,0x7975aed6122ff78d5c5e3b7aa8363d307eca48b9,True
0x79d5a4C17d6368f31C3518813f9324e7a60963D8,0x79d5a4c17d6368f31c3518813f9324e7a60963d8,True
0x7a250d5630B4cF539739dF2C5dAcb4c659F2488D,0x7a250d5630b4cf539739df2c5dacb4c659f2488d,True
0x7A56E1C57C7475CCf742a1832B028F0456652F97,0x7a56e1c57c7475ccf742a1832b028f0456652f97,True
0x7A58c0Be72BE218B41C608b7Fe7C5bB630736C71,0x7a58c0be72be218b41c608b7fe7c5bb630736c71,True
0x7A65CB87F596Caf31a4932f074c59c0592bE77D7,0x7a65cb87f596caf31a4932f074c59c0592be77d7,True
0x7AabE771aCcAa3F54a1B7c05d65c6E55d0Cd0Af6,0x7aabe771accaa3f54a1b7c05d65c6e55d0cd0af6,True
0x7bA00D171698D2589917e30314d852eB16D7C7E6,0x7ba00d171698d2589917e30314d852eb16d7c7e6,True
0x7Bb69f559ce50AF8e93D45c65B1C147fDA8e7031,0x7bb69f559ce50af8e93d45c65b1c147fda8e7031,True
0x7bf7AaAf33884973bcC2158d2Df39160109074DB,0x7bf7aaaf33884973bcc2158d2df39160109074db,True
0x7C81247aE0A35B03e3f4A704DCD6b101dcA53Abd,0x7c81247ae0a35b03e3f4a704dcd6b101dca53abd,True
0x7ca50Eb6f717843a134aACcA58eBF09fa34707ca,0x7ca50eb6f717843a134aacca58ebf09fa34707ca,True
0x7CdbEc6c5A221c27C911c561aad939Ea19758cAd,0x7cdbec6c5a221c27c911c561aad939ea19758cad,True
0x7D0CcAa3Fac1e5A943c5168b6CEd828691b46B36,0x7d0ccaa3fac1e5a943c5168b6ced828691b46b36,True
0x7D1AfA7B718fb893dB30A3aBc0Cfc608AaCfeBB0,0x7d1afa7b718fb893db30a3abc0cfc608aacfebb0,True
0x7D26AD6F6BA9D6bA1de0218Ae5e20CD3a273a55A,0x7d26ad6f6ba9d6ba1de0218ae5e20cd3a273a55a,True
0x7D29A64504629172a429e64183D6673b9dAcbFCe,0x7d29a64504629172a429e64183d6673b9dacbfce,True
0x7d5706f6ef3F89B3951E23e557CDFBC3239D4E2c,0x7d5706f6ef3f89b3951e23e557cdfbc3239d4e2c,True
0x7D9EC23e137A0C35D90A5A455f632AC1a81d7493,0x7d9ec23e137a0c35d90a5a455f632ac1a81d7493,True
0x7Da00CC040B2E32521ecE4063A0A72295D152128,0x7da00cc040b2e32521ece4063a0a72295d152128,True
0x7dA2641000Cbb407C329310C461b2cB9c70C3046,0x7da2641000cbb407c329310c461b2cb9c70c3046,True
0x7db5af2B9624e1b3B4Bb69D6DeBd9aD1016A58Ac,0x7db5af2b9624e1b3b4bb69d6debd9ad1016a58ac,True
0x7DD9c5Cba05E151C895FDe1CF355C9A1D5DA6429,0x7dd9c5cba05e151c895fde1cf355c9a1d5da6429,True
0x7Ddc52c4De30e94Be3A6A0A2b259b2850f421989,0x7ddc52c4de30e94be3a6a0a2b259b2850f421989,True
0x7f39C581F595B53c5cb19bD0b3f8dA6c935E2Ca0,0x7f39c581f595b53c5cb19bd0b3f8da6c935e2ca0,True
0x7f792db54B0e580Cdc755178443f0430Cf799aCa,0x7f792db54b0e580cdc755178443f0430cf799aca,True
0x7Fc66500c84A76Ad7e9c93437bFc5Ac33E2DDaE9,0x7fc66500c84a76ad7e9c93437bfc5ac33e2ddae9,True
0x80008BCD713c38AF90a9930288D446bc3bD2E684,0x80008bcd713c38af90a9930288d446bc3bd2e684,True
0x8017B9AF3F199CC6b08A48DA3859410F20bbea72,0x8017b9af3f199cc6b08a48da3859410f20bbea72,True
0x801d345C81de86a64DD570549bC772F3947f232b,0x801d345c81de86a64dd570549bc772f3947f232b,True
0x804b526e5bF4349819fe2Db65349d0825870F8Ee,0x804b526e5bf4349819fe2db65349d0825870f8ee,True
0x807cF9A772d5a3f9CeFBc1192e939D62f0D9bD38,0x807cf9a772d5a3f9cefbc1192e939d62f0d9bd38,True
0x808507121B80c02388fAd14726482e061B8da827,0x808507121b80c02388fad14726482e061b8da827,True
0x80a64c6D7f12C47B7c66c5B4E20E72bc1FCd5d9e,0x80a64c6d7f12c47b7c66c5b4e20e72bc1fcd5d9e,True
0x817bbDbC3e8A1204f3691d14bB44992841e3dB35,0x817bbdbc3e8a1204f3691d14bb44992841e3db35,True
0x821C91DFF96E4BA155fbE457e9444B5105Ed11aE,0x821c91dff96e4ba155fbe457e9444b5105ed11ae,True
0x8248270620Aa532E4d64316017bE5E873E37cc09,0x8248270620aa532e4d64316017be5e873e37cc09,True
0x829F3Eb4ca4F7519228a79f5B0CDC45B4E58D40c,0x829f3eb4ca4f7519228a79f5b0cdc45b4e58d40c,True
0x82a605D6D9114F4Ad6D5Ee461027477EeED31E34,0x82a605d6d9114f4ad6d5ee461027477eeed31e34,True
0x83086Ea8D266c542DD07aCB064882F4Ad67034c0,0x83086ea8d266c542dd07acb064882f4ad67034c0,True
0x8377ee6d3545Bc6ff1425ee3015DC648B149C7B2,0x8377ee6d3545bc6ff1425ee3015dc648b149c7b2,True
0x8377Ff4AEd639CBd75223aa9a9caB257864591Ca,0x8377ff4aed639cbd75223aa9a9cab257864591ca,True
0x83e6f1E41cdd28eAcEB20Cb649155049Fac3D5Aa,0x83e6f1e41cdd28eaceb20cb649155049fac3d5aa,True
0x84018071282d4B2996272659D9C01cB08DD7327F,0x84018071282d4b2996272659d9c01cb08dd7327f,True
0x84cA8bc7997272c7CfB4D0Cd3D55cd942B3c9419,0x84ca8bc7997272c7cfb4d0cd3d55cd942b3c9419,True
0x857679d69fE50E7B722f94aCd2629d80C355163d,0x857679d69fe50e7b722f94acd2629d80c355163d,True
0x85847Ef522d78EfDBeC8Afb0045dC7D6982837c3,0x85847ef522d78efdbec8afb0045dc7d6982837c3,True
0x858646372CC42E1A627fcE94aa7A7033e7CF075A,0x858646372cc42e1a627fce94aa7a7033e7cf075a,True
0x85F17Cf997934a597031b2E18a9aB6ebD4B9f6a4,0x85f17cf997934a597031b2e18a9ab6ebd4b9f6a4,True
0x8657f37439A241AD439Ee98CA89a7755cA8c90B4,0x8657f37439a241ad439ee98ca89a7755ca8c90b4,True
0x8707f238936c12c309bfc2B9959C35828AcFc512,0x8707f238936c12c309bfc2b9959c35828acfc512,True
0x872FB7E39cd7308672534d05e4232fFBcbaE37D5,0x872fb7e39cd7308672534d05e4232ffbcbae37d5,True
0x873259322BE8e50d80A4b868D186Cc5aB148543A,0x873259322be8e50d80a4b868d186cc5ab148543a,True
0x87870Bca3F3fD6335C3F4ce8392D69350B4fA4E2,0x87870bca3f3fd6335c3f4ce8392d69350b4fa4e2,True
0x88062FE2751f3D5cEC18F6113A532A611632ae79,0x88062fe2751f3d5cec18f6113a532a611632ae79,True
0x881D40237659C251811CEC9c364ef91dC08D300C,0x881d40237659c251811cec9c364ef91dc08d300c,True
0x881d4C8618D68872fA404518B2460eA839A02a6a,0x881d4c8618d68872fa404518b2460ea839a02a6a,True
0x8881562783028F5c1BCB985d2283D5E170D88888,0x8881562783028f5c1bcb985d2283d5e170d88888,True
0x888888888889758F76e7103c6CbF23ABbF58F946,0x888888888889758f76e7103c6cbf23abbf58f946,True
0x88909D489678dD17aA6D9609F89B0419Bf78FD9a,0x88909d489678dd17aa6d9609f89b0419bf78fd9a,True
0x889edC2eDab5f40e902b864aD4d7AdE8E412F9B1,0x889edc2edab5f40e902b864ad4d7ade8e412f9b1,True
0x893411580e590D62dDBca8a703d61Cc4A8c7b2b9,0x893411580e590d62ddbca8a703d61cc4a8c7b2b9,True
0x897642a9DbE1dD82AcFdB90D1f22F75B66a765bA,0x897642a9dbe1dd82acfdb90d1f22f75b66a765ba,True
0x899Cd87Ceff42db9ab9A1210eEBf7231C8D080b0,0x899cd87ceff42db9ab9a1210eebf7231c8d080b0,True
0x89A99a0A17D37419F99cF8dC5fFa578F3cdB58b5,0x89a99a0a17d37419f99cf8dc5ffa578f3cdb58b5,True
0x8a8434A5952aC2CF4927bbEa3ace255c6dd165CD,0x8a8434a5952ac2cf4927bbea3ace255c6dd165cd,True
0x8aB212E8A2b7172D86837Eeb0CAc0390E23fFcc5,0x8ab212e8a2b7172d86837eeb0cac0390e23ffcc5,True
0x8AB2ff0116A279a99950C66A12298962D152B83c,0x8ab2ff0116a279a99950c66a12298962d152b83c,True
0x8Ab7404063Ec4DBcfd4598215992DC3F8EC853d7,0x8ab7404063ec4dbcfd4598215992dc3f8ec853d7,True
0x8AC4ae65b3656e26dC4e0e69108B392283350f55,0x8ac4ae65b3656e26dc4e0e69108b392283350f55,True
0x8B89F876cF4a91ef36770bD3F93bC55edb7df31F,0x8b89f876cf4a91ef36770bd3f93bc55edb7df31f,True
0x8b9b95292f890DF47fFf5aC9Cbe93d5fC242bd51,0x8b9b95292f890df47fff5ac9cbe93d5fc242bd51,True
0x8C3dfFaB3Cc45FB09410dedFC23446dAb0A4B3b6,0x8c3dffab3cc45fb09410dedfc23446dab0a4b3b6,True
0x8c959215f998eA8D02400fD299832576E6720ecb,0x8c959215f998ea8d02400fd299832576e6720ecb,True
0x8CD81e14cD612FB5dAb211A837b6f9Ce191AD758,0x8cd81e14cd612fb5dab211a837b6f9ce191ad758,True
0x8d27C03FA77f30AF3Dce552ddE5bAbF65d14861f,0x8d27c03fa77f30af3dce552dde5babf65d14861f,True
0x8D867296eb7D173688113b2F615bd53e868bEa42,0x8d867296eb7d173688113b2f615bd53e868bea42,True
0x8DDbBcC0999f396237b6534Ac600eBb0d8618c99,0x8ddbbcc0999f396237b6534ac600ebb0d8618c99,True
0x8E02d37b6Cad86039BDd11095b8c879B907F7D10,0x8e02d37b6cad86039bdd11095b8c879b907f7d10,True
0x8e0EDfD6d15f858AdBb41677B82aB64797D5AfC0,0x8e0edfd6d15f858adbb41677b82ab64797d5afc0,True
0x8e30DeAD12D19228cf9cDC984f237F0AD00dF195,0x8e30dead12d19228cf9cdc984f237f0ad00df195,True
0x8eD97a637A790Be1feff5e888d43629dc05408F6,0x8ed97a637a790be1feff5e888d43629dc05408f6,True
0x8f8221aFbB33998d8584A2B05749bA73c37a938a,0x8f8221afbb33998d8584a2b05749ba73c37a938a,True
0x8f846C443CFa44A6e95aaCD2aC362b6cF4fd4335,0x8f846c443cfa44a6e95aacd2ac362b6cf4fd4335,True
0x8fc17671D853341D9e8B001F5Fc3C892d09CB53A,0x8fc17671d853341d9e8b001f5fc3c892d09cb53a,True
0x8fe52F7FcE2eD6304aca6D45D5c993D5be06852A,0x8fe52f7fce2ed6304aca6d45d5c993d5be06852a,True
0x9008D19f58AAbD9eD0D60971565AA8510560ab41,0x9008d19f58aabd9ed0d60971565aa8510560ab41,True
0x902F09715B6303d4173037652FA7377e5b98089E,0x902f09715b6303d4173037652fa7377e5b98089e,True
0x9040067fc12238FBc418FBC3A4a03A6B449a9a2c,0x9040067fc12238fbc418fbc3a4a03a6b449a9a2c,True
0x90DDE265c987b613cF8B1B4E8ede2f280ECA1D34,0x90dde265c987b613cf8b1b4e8ede2f280eca1d34,True
0x91221a69a30c84A4F89C66a3475e36368de6131f,0x91221a69a30c84a4f89c66a3475e36368de6131f,True
0x9164B7D3ab0B5E26CFF7416f911D461c505F20f6,0x9164b7d3ab0b5e26cff7416f911d461c505f20f6,True
0x9188db2825BD0AD76a2Ba3aba21274428dC696e5,0x9188db2825bd0ad76a2ba3aba21274428dc696e5,True
0x91fbB2503AC69702061f1AC6885759Fc853e6EaE,0x91fbb2503ac69702061f1ac6885759fc853e6eae,True
0x923D3C32f870E7953dd4020D0585D6419C44e4Ca,0x923d3c32f870e7953dd4020d0585d6419c44e4ca,True
0x929B44db23740E65dF3A81eA4aAB716af1b88474,0x929b44db23740e65df3a81ea4aab716af1b88474,True
0x92D6C1e31e14520e676a687F0a93788B716BEff5,0x92d6c1e31e14520e676a687f0a93788b716beff5,True
0x92F0e27b7055eceaeFA0D29110B47ee25cFa06e8,0x92f0e27b7055eceaefa0d29110b47ee25cfa06e8,True
0x932261f9Fc8DA46C4a22e31B45c4De60623848bF,0x932261f9fc8da46c4a22e31b45c4de60623848bf,True
0x933597a323Eb81cAe705C5bC29985172fd5A3973,0x933597a323eb81cae705c5bc29985172fd5a3973,True
0x940a2dB1B7008B6C776d4faaCa729d6d4A4AA551,0x940a2db1b7008b6c776d4faaca729d6d4a4aa551,True
0x943Af2ece93118B973c95c2F698EE9D15002e604,0x943af2ece93118b973c95c2f698ee9d15002e604,True
0x94cF752F94bA10d6c93bB033c1e0C746e547899B,0x94cf752f94ba10d6c93bb033c1e0c746e547899b,True
0x95aD61b0a150d79219dCF64E1E6Cc01f0B64C4cE,0x95ad61b0a150d79219dcf64e1e6cc01f0b64c4ce,True
0x95dEB8F818f0f01805451fa6bf391B0F97B4d033,0x95deb8f818f0f01805451fa6bf391b0f97b4d033,True
0x95fC37A27a2f68e3A647CDc081F0A89bb47c3012,0x95fc37a27a2f68e3a647cdc081f0a89bb47c3012,True
0x96184d9C811Ea0624fC30C80233B1d749B9E485B,0x96184d9c811ea0624fc30c80233b1d749b9e485b,True
0x96604900c1Ee676d8130D0322e7A5985537ab2f2,0x96604900c1ee676d8130d0322e7a5985537ab2f2,True
0x97A9a15168C22B3C137E6381037E1499C8ad0978,0x97a9a15168c22b3c137e6381037e1499c8ad0978,True
0x9813037ee2218799597d83D4a5B6F3b6778218d9,0x9813037ee2218799597d83d4a5b6f3b6778218d9,True
0x98C3d3183C4b8A650614ad179A1a98be0a8d6B8E,0x98c3d3183c4b8a650614ad179a1a98be0a8d6b8e,True
0x9940a67670D65bAB257FA4A7050245fD3A15e8F8,0x9940a67670d65bab257fa4a7050245fd3a15e8f8,True
0x99B1817acb40E76C309e26B2Face9da9EFf55317,0x99b1817acb40e76c309e26b2face9da9eff55317,True
0x99C9fc46f92E8a1c0deC1b1747d010903E884bE1,0x99c9fc46f92e8a1c0dec1b1747d010903e884be1,True
0x99dE9e5a3eC2750a6983C8732E6e795A35e7B861,0x99de9e5a3ec2750a6983c8732e6e795a35e7b861,True
0x9A0C8Ff858d273f57072D714bca7411D717501D7,0x9a0c8ff858d273f57072d714bca7411d717501d7,True
0x9A103aB4FE2De5db16338B16FD7550D21d7b8DB6,0x9a103ab4fe2de5db16338b16fd7550d21d7b8db6,True
0x9aeB50f542050172359A0e1a25a9933Bc8c01259,0x9aeb50f542050172359a0e1a25a9933bc8c01259,True
0x9b5C38cC2d1bA05Ed87C8f8A2418475bAcb20073,0x9b5c38cc2d1ba05ed87c8f8a2418475bacb20073,True
0x9BE89D2a4cd102D8Fecc6BF9dA793be995C22541,0x9be89d2a4cd102d8fecc6bf9da793be995c22541,True
0x9C05937F1a9eC3A78f96bE364B0196754c3ABf82,0x9c05937f1a9ec3a78f96be364b0196754c3abf82,True
0x9c434A2d262d17C57b3d5361781eA090e251F77e,0x9c434a2d262d17c57b3d5361781ea090e251f77e,True
0x9d03687D63EC77783f756BB65aAd4dcaF3cA530C,0x9d03687d63ec77783f756bb65aad4dcaf3ca530c,True
0x9D39A5DE30e57443BfF2A8307A4256c8797A3497,0x9d39a5de30e57443bff2a8307a4256c8797a3497,True
0x9E24415d1e549EBc626a13a482Bb117a2B43e9CF,0x9e24415d1e549ebc626a13a482bb117a2b43e9cf,True
0x9E32b13ce7f2E80A01932B42553652E053D6ed8e,0x9e32b13ce7f2e80a01932b42553652e053d6ed8e,True
0x9EBb0895bD9C7C9dFAB0d8d877c66bA613Ac98Ea,0x9ebb0895bd9c7c9dfab0d8d877c66ba613ac98ea,True
0x9f452b7cC24e6e6FA690fe77CF5dD2ba3DbF1ED9,0x9f452b7cc24e6e6fa690fe77cf5dd2ba3dbf1ed9,True
0x9F4a099D74Fd8d19A557F364CbE3002505EB1d15,0x9f4a099d74fd8d19a557f364cbe3002505eb1d15,True
0x9f8F72aA9304c8B593d555F12eF6589cC3A579A2,0x9f8f72aa9304c8b593d555f12ef6589cc3a579a2,True
0x9Fb7b4477576Fe5B32be4C1843aFB1e55F251B33,0x9fb7b4477576fe5b32be4c1843afb1e55f251b33,True
0x9FDFb933Ee990955D3219d4F892FD1F786b47C9B,0x9fdfb933ee990955d3219d4f892fd1f786b47c9b,True
0xa0246c9032bC3A600820415aE600c6388619A14D,0xa0246c9032bc3a600820415ae600c6388619a14d,True
0xA09fC613e4dFeC65964FBD0e4C530f23Cf55e468,0xa09fc613e4dfec65964fbd0e4c530f23cf55e468,True
0xA0b73E1Ff0B80914AB6fe0444E65848C4C34450b,0xa0b73e1ff0b80914ab6fe0444e65848c4c34450b,True
0xA0b86991c6218b36c1d19D4a2e9Eb0cE3606eB48,0xa0b86991c6218b36c1d19d4a2e9eb0ce3606eb48,True
0xA0c68C638235ee32657e8f720a23ceC1bFc77C77,0xa0c68c638235ee32657e8f720a23cec1bfc77c77,True
0xA0Ef786Bf476fE0810408CaBA05E536aC800ff86,0xa0ef786bf476fe0810408caba05e536ac800ff86,True
0xa230285d5683C74935aD14c446e137c8c8828438,0xa230285d5683c74935ad14c446e137c8c8828438,True
0xa2947F125D98fB8e0aE2EB0D523CfdA92BFf789D,0xa2947f125d98fb8e0ae2eb0d523cfda92bff789d,True
0xA2b4C0Af19cC16a6CfAcCe81F192B024d625817D,0xa2b4c0af19cc16a6cfacce81f192b024d625817d,True
0xA2Fde9De6e6eBFE068d3eC0B515669817a9c3808,0xa2fde9de6e6ebfe068d3ec0b515669817a9c3808,True
0xA3202B8B64DEA83b1004ACD420Ddf34b55273A65,0xa3202b8b64dea83b1004acd420ddf34b55273a65,True
0xA3222357a0eCCF60C73606170be6c99ADeCb59b3,0xa3222357a0eccf60c73606170be6c99adecb59b3,True
0xa346Bd80943Aa3042E6709d80Ce9C3b8fbeAc4Ab,0xa346bd80943aa3042e6709d80ce9c3b8fbeac4ab,True
0xA35923162C49cF95e6BF26623385eb431ad920D3,0xa35923162c49cf95e6bf26623385eb431ad920d3,True
0xa397a8C2086C554B531c02E29f3291c9704B00c7,0xa397a8c2086c554b531c02e29f3291c9704b00c7,True
0xa39b7Fc5470782abF26d92DB81d3215b6F6B79Dd,0xa39b7fc5470782abf26d92db81d3215b6f6b79dd,True
0xa3c01F68Ec8ce0788247A65990AC3daeBA3B5920,0xa3c01f68ec8ce0788247a65990ac3daeba3b5920,True
0xa4108aA1Ec4967F8b52220a4f7e94A8201F2D906,0xa4108aa1ec4967f8b52220a4f7e94a8201f2d906,True
0xA42f6cADa809Bcf417DeefbdD69C5C5A909249C0,0xa42f6cada809bcf417deefbdd69c5c5a909249c0,True
0xa436C9048d4927ff69943278aAe0E426f9f68755,0xa436c9048d4927ff69943278aae0e426f9f68755,True
0xa47c8bf37f92aBed4A126BDA807A7b7498661acD,0xa47c8bf37f92abed4a126bda807a7b7498661acd,True
0xA5aF3fb46358184d83794219F8425388120e9DE2,0xa5af3fb46358184d83794219f8425388120e9de2,True
0xa62894D5196bC44e4C3978400Ad07E7b30352372,0xa62894d5196bc44e4c3978400ad07e7b30352372,True
0xa63e8DdA009E9079124c1E3678F4932BB8061f4d,0xa63e8dda009e9079124c1e3678f4932bb8061f4d,True
0xa6422E3E219ee6d4C1B18895275FE43556fd50eD,0xa6422e3e219ee6d4c1b18895275fe43556fd50ed,True
0xa66Daa57432024023DB65477BA87D4E7F5f95213,0xa66daa57432024023db65477ba87d4e7f5f95213,True
0xA69babEF1cA67A37Ffaf7a485DfFF3382056e78C,0xa69babef1ca67a37ffaf7a485dfff3382056e78c,True
0xa6Ec49E06C25F63292bac1Abc1896451A0f4cFB7,0xa6ec49e06c25f63292bac1abc1896451a0f4cfb7,True
0xa7C14010afA616fa23A2Bb0A94d76Dd57dde644d,0xa7c14010afa616fa23a2bb0a94d76dd57dde644d,True
0xA8C1C98aAF99A5DfC907d61b892b2aD624901185,0xa8c1c98aaf99a5dfc907d61b892b2ad624901185,True
0xA9048585166f4F7c4589ADe19567bB538035ED36,0xa9048585166f4f7c4589ade19567bb538035ed36,True
0xa92D45fD3714C9A5502a10b09E6865D251166718,0xa92d45fd3714c9a5502a10b09e6865d251166718,True
0xA9D1e08C7793af67e9d92fe308d5697FB81d3E43,0xa9d1e08c7793af67e9d92fe308d5697fb81d3e43,True
0xaa0C3f5F7DFD688C6E646F66CD2a6B66ACdbE434,0xaa0c3f5f7dfd688c6e646f66cd2a6b66acdbe434,True
0xaA247c0D81B83812e1ABf8bAB078E4540D87e3fB,0xaa247c0d81b83812e1abf8bab078e4540d87e3fb,True
0xAa2C0092B9725503d3CFe7dC868Baa85FbAEc96A,0xaa2c0092b9725503d3cfe7dc868baa85fbaec96a,True
0xaaeE1A9723aaDB7afA2810263653A34bA2C21C7a,0xaaee1a9723aadb7afa2810263653a34ba2c21c7a,True
0xAB13B8eecf5AA2460841d75da5d5D861fD5B8A39,0xab13b8eecf5aa2460841d75da5d5d861fd5b8a39,True
0xac5B038058bcD0424C9c252c6487C25F032E5dDc,0xac5b038058bcd0424c9c252c6487c25f032e5ddc,True
0xaCF63E56fd08970b43401492a02F6F38B6635C91,0xacf63e56fd08970b43401492a02f6f38b6635c91,True
0xAd16eDCF7DEB7e90096A259c81269d811544B6B6,0xad16edcf7deb7e90096a259c81269d811544b6b6,True
0xaD22f63404f7305e4713CcBd4F296f34770513f4,0xad22f63404f7305e4713ccbd4f296f34770513f4,True
0xad3b67BCA8935Cb510C8D18bD45F0b94F54A968f,0xad3b67bca8935cb510c8d18bd45f0b94f54a968f,True
0xAD53288112ecc4e6B4B1b2E78FcB94dB2fF24660,0xad53288112ecc4e6b4b1b2e78fcb94db2ff24660,True
0xAE12C5930881c53715B369ceC7606B70d8EB229f,0xae12c5930881c53715b369cec7606b70d8eb229f,True
0xaE6e307c3Fe9E922E5674DBD7F830Ed49c014c6B,0xae6e307c3fe9e922e5674dbd7f830ed49c014c6b,True
0xae7ab96520DE3A18E5e111B5EaAb095312D7fE84,0xae7ab96520de3a18e5e111b5eaab095312d7fe84,True
0xae8999DA4D81cB81b42288b12176fE20D7EAD578,0xae8999da4d81cb81b42288b12176fe20d7ead578,True
0xaea46A60368A7bD060eec7DF8CBa43b7EF41Ad85,0xaea46a60368a7bd060eec7df8cba43b7ef41ad85,True
0xAf5191B0De278C7286d6C7CC6ab6BB8A73bA2Cd6,0xaf5191b0de278c7286d6c7cc6ab6bb8a73ba2cd6,True
0xAfa904152E04aBFf56701223118Be2832A4449E0,0xafa904152e04abff56701223118be2832a4449e0,True
0xAFb979d9afAd1aD27C5eFf4E27226E3AB9e5dCC9,0xafb979d9afad1ad27c5eff4e27226e3ab9e5dcc9,True
0xaFC9535a1893E860E148f5A53f1Ac75607484a37,0xafc9535a1893e860e148f5a53f1ac75607484a37,True
0xb04Af4843e3808e1FE6F7A8ee4F456937D7Afae8,0xb04af4843e3808e1fe6f7a8ee4f456937d7afae8,True
0xB0fFa8000886e57F86dd5264b9582b2Ad87b2b91,0xb0ffa8000886e57f86dd5264b9582b2ad87b2b91,True
0xb10cc888cB2CcE7036F4c7ECAd8a57Da16161338,0xb10cc888cb2cce7036f4c7ecad8a57da16161338,True
0xb131f4A55907B10d1F0A50d8ab8FA09EC342cd74,0xb131f4a55907b10d1f0a50d8ab8fa09ec342cd74,True
0xb13c95E00312e301085d29ebB84c21fCA663dAae,0xb13c95e00312e301085d29ebb84c21fca663daae,True
0xB17548c7B510427baAc4e267BEa62e800b247173,0xb17548c7b510427baac4e267bea62e800b247173,True
0xb1911D8FFcC2d8cA6c5EA4F4f18bE6ea675c1Ce7,0xb1911d8ffcc2d8ca6c5ea4f4f18be6ea675c1ce7,True
0xB2262C81860A40EE442B505d21E8370450C6bA8e,0xb2262c81860a40ee442b505d21e8370450c6ba8e,True
0xB26ff591F44b04E78de18f43B46f8b70C6676984,0xb26ff591f44b04e78de18f43b46f8b70c6676984,True
0xb2ecfE4E4D61f8790bbb9DE2D1259B9e2410CEA5,0xb2ecfe4e4d61f8790bbb9de2d1259b9e2410cea5,True
0xb31eF9e52d94D4120eb44Fe1ddfDe5B4654A6515,0xb31ef9e52d94d4120eb44fe1ddfde5b4654a6515,True
0xB33bD56d4192E8E4e6a02e93Eabc732165199346,0xb33bd56d4192e8e4e6a02e93eabc732165199346,True
0xB37D31b2A74029B5951a2778F959282E2D518595,0xb37d31b2a74029b5951a2778f959282e2d518595,True
0xb4357054c3dA8D46eD642383F03139aC7f090343,0xb4357054c3da8d46ed642383f03139ac7f090343,True
0xB517850510997a34b4DdC8c3797B4F83fAd510c4,0xb517850510997a34b4ddc8c3797b4f83fad510c4,True
0xB528edBef013aff855ac3c50b381f253aF13b997,0xb528edbef013aff855ac3c50b381f253af13b997,True
0xb5893f63839431255d963b097c2FA6bA781114f5,0xb5893f63839431255d963b097c2fa6ba781114f5,True
0xb58E26ac9cc14c0422C2b419b0CA555Ee4DcB7CB,0xb58e26ac9cc14c0422c2b419b0ca555ee4dcb7cb,True
0xB5AE54c696e28b088Be785b73f118CAE04A0DF87,0xb5ae54c696e28b088be785b73f118cae04a0df87,True
0xB5c578947de0fd71303F71F2C3d41767438bD0de,0xb5c578947de0fd71303f71f2c3d41767438bd0de,True
0xB5FB4BE02232B1bBA4dC8f81dc24C26980dE9e3C,0xb5fb4be02232b1bba4dc8f81dc24c26980de9e3c,True
0xb624960AAaD05d433075a5C9E760aDEc26036934,0xb624960aaad05d433075a5c9e760adec26036934,True
0xB62bDeDa5d1E7a03a615B793e949C19D158c6b46,0xb62bdeda5d1e7a03a615b793e949c19d158c6b46,True
0xB685760EBD368a891F27ae547391F4E2A289895b,0xb685760ebd368a891f27ae547391f4e2a289895b,True
0xb695F88E6aC201d09269b1e83444dAB290D15395,0xb695f88e6ac201d09269b1e83444dab290d15395,True
0xB69753c06BB5c366BE51E73bFc0cC2e3DC07E371,0xb69753c06bb5c366be51e73bfc0cc2e3dc07e371,True
0xb6D149C8DdA37aAAa2F8AD0934f2e5682C35890B,0xb6d149c8dda37aaaa2f8ad0934f2e5682c35890b,True
0xB705268213D593B8FD88d3FDEFF93AFF5CbDcfAE,0xb705268213d593b8fd88d3fdeff93aff5cbdcfae,True
0xb7109df1a93f8fe2B8162c6207C9B846C1C68090,0xb7109df1a93f8fe2b8162c6207c9b846c1c68090,True
0xb836c05E4Bf58e947FCDd884aD469e8ee54CDa92,0xb836c05e4bf58e947fcdd884ad469e8ee54cda92,True
0xB86E490E72F050c424383d514362Dc61DaBB1Cc3,0xb86e490e72f050c424383d514362dc61dabb1cc3,True
0xB8A4350eDaFD7af34164Dd5870e49E28393FF3ec,0xb8a4350edafd7af34164dd5870e49e28393ff3ec,True
0xB8A914A00664e9361eaE187468EfF94905dfbC15,0xb8a914a00664e9361eae187468eff94905dfbc15,True
0xB8c77482e45F1F44dE1745F52C74426C631bDD52,0xb8c77482e45f1f44de1745f52c74426c631bdd52,True
0xb8D2471E35eE033Db509e0456c8eFc4135f4EE43,0xb8d2471e35ee033db509e0456c8efc4135f4ee43,True
0xb97ebdD3A573092C47D3444f221a8aA0f9ed50bb,0xb97ebdd3a573092c47d3444f221a8aa0f9ed50bb,True
0xb9dad3693AEAc9025Cb24a47AFA6930539877187,0xb9dad3693aeac9025cb24a47afa6930539877187,True
0xB9Ea61FCec36a01663a0Eba5429092A162398e3e,0xb9ea61fcec36a01663a0eba5429092a162398e3e,True
0xBA12222222228d8Ba445958a75a0704d566BF2C8,0xba12222222228d8ba445958a75a0704d566bf2c8,True
0xba386A4Ca26B85FD057ab1Ef86e3DC7BdeB5ce70,0xba386a4ca26b85fd057ab1ef86e3dc7bdeb5ce70,True
0xbaA05be932F4A9D4b5Bf009696B537931139Af2d,0xbaa05be932f4a9d4b5bf009696b537931139af2d,True
0xBB0E17EF65F82Ab018d8EDd776e8DD940327B28b,0xbb0e17ef65f82ab018d8edd776e8dd940327b28b,True
0xBb3A8FD6Ec4bF0FDc6Cd2739b1e41192D12B1873,0xbb3a8fd6ec4bf0fdc6cd2739b1e41192d12b1873,True
0xBBbbCA6A901c926F240b89EacB641d8Aec7AEafD,0xbbbbca6a901c926f240b89eacb641d8aec7aeafd,True
0xBBc2AE13b23d715c30720F079fcd9B4a74093505,0xbbc2ae13b23d715c30720f079fcd9b4a74093505,True
0xbC396689893D065F41bc2C6EcbeE5e0085233447,0xbc396689893d065f41bc2c6ecbee5e0085233447,True
0xBC8552339dA68EB65C8b88B414B5854E0E366cFc,0xbc8552339da68eb65c8b88b414b5854e0e366cfc,True
0xBcD7254A1D759EFA08eC7c3291B2E85c5dCC12ce,0xbcd7254a1d759efa08ec7c3291b2e85c5dcc12ce,True
0xbcfE5c47129253C6B8a9A00565B3358b488D42E0,0xbcfe5c47129253c6b8a9a00565b3358b488d42e0,True
0xBd3531dA5CF5857e7CfAA92426877b022e612cf8,0xbd3531da5cf5857e7cfaa92426877b022e612cf8,True
0xBd3fa81B58Ba92a82136038B25aDec7066af3155,0xbd3fa81b58ba92a82136038b25adec7066af3155,True
0xBD7D6a9ad7865463DE44B05F04559f65e3B11704,0xbd7d6a9ad7865463de44b05f04559f65e3b11704,True
0xbe0Ed4138121EcFC5c0E56B40517da27E6c5226B,0xbe0ed4138121ecfc5c0e56b40517da27e6c5226b,True
0xbe2cf8DA9887e2AB997Ed53cC49263eBD09B20C3,0xbe2cf8da9887e2ab997ed53cc49263ebd09b20c3,True
0xbEbc44782C7dB0a1A60Cb6fe97d0b483032FF1C7,0xbebc44782c7db0a1a60cb6fe97d0b483032ff1c7,True
0xbEf510643c0EE8F1763C54a295E94c99Bfb0fe7a,0xbef510643c0ee8f1763c54a295e94c99bfb0fe7a,True
0xbF7C410364ADc0e075cb359a5a34529190F55C81,0xbf7c410364adc0e075cb359a5a34529190f55c81,True
0xbFcF63294aD7105dEa65aA58F8AE5BE2D9d0952A,0xbfcf63294ad7105dea65aa58f8ae5be2d9d0952a,True
0xBfe1364Efb0A1e01241f058a6039f43fEA88CfC5,0xbfe1364efb0a1e01241f058a6039f43fea88cfc5,True
0xc005dc82818d67AF737725bD4bf75435d065D239,0xc005dc82818d67af737725bd4bf75435d065d239,True
0xc00e94Cb662C3520282E6f5717214004A7f26888,0xc00e94cb662c3520282e6f5717214004a7f26888,True
0xC011a73ee8576Fb46F5E1c5751cA3B9Fe0af2a6F,0xc011a73ee8576fb46f5e1c5751ca3b9fe0af2a6f,True
0xc026395860Db2d07ee33e05fE50ed7bD583189C7,0xc026395860db2d07ee33e05fe50ed7bd583189c7,True
0xC02aaA39b223FE8D0A0e5C4F27eAD9083C756Cc2,0xc02aaa39b223fe8d0a0e5c4f27ead9083c756cc2,True
0xC059A531B4234D05E9ef4ac51028F7E6156E2CCe,0xc059a531b4234d05e9ef4ac51028f7e6156e2cce,True
0xc092A137df3cF2B9e5971ba1874D26487C12626d,0xc092a137df3cf2b9e5971ba1874d26487c12626d,True
0xC13e21B648A5Ee794902342038FF3aDAB66BE987,0xc13e21b648a5ee794902342038ff3adab66be987,True
0xC18360217D8F7Ab5e7c516566761Ea12Ce7F9D72,0xc18360217d8f7ab5e7c516566761ea12ce7f9d72,True
0xC21e4ebD1d92036Cb467b53fE3258F219d909Eb9,0xc21e4ebd1d92036cb467b53fe3258f219d909eb9,True
0xC28C2b2F5A9B2aF1ad5878E5b1AF5F9bAEa2F971,0xc28c2b2f5a9b2af1ad5878e5b1af5f9baea2f971,True
0xC2c862322E9c97D6244a3506655DA95F05246Fd8,0xc2c862322e9c97d6244a3506655da95f05246fd8,True
0xC36442b4a4522E871399CD717aBDD847Ab11FE88,0xc36442b4a4522e871399cd717abdd847ab11fe88,True
0xc3761EB917CD790B30dAD99f6Cc5b4Ff93C4F9eA,0xc3761eb917cd790b30dad99f6cc5b4ff93c4f9ea,True
0xC37785FDE9373D87ecc6087B60949e4c2ab46a95,0xc37785fde9373d87ecc6087b60949e4c2ab46a95,True
0xC379e535CaFf250a01CAa6C3724Ed1359Fe5c29B,0xc379e535caff250a01caa6c3724ed1359fe5c29b,True
0xC38e4e6A15593f908255214653d3D947CA1c2338,0xc38e4e6a15593f908255214653d3d947ca1c2338,True
0xc3a99a855D060D727367c599Ecb2423e0bEbEe24,0xc3a99a855d060d727367c599ecb2423e0bebee24,True
0xC3aD8478c0FB6Ea474cF454e8a6E5920B4F958cD,0xc3ad8478c0fb6ea474cf454e8a6e5920b4f958cd,True
0xc3CA38091061e3E5358A52d74730F16C60cA9c26,0xc3ca38091061e3e5358a52d74730f16c60ca9c26,True
0xc555D625828c4527d477e595fF1Dd5801B4a600e,0xc555d625828c4527d477e595ff1dd5801b4a600e,True
0xc5833628BbEB908f1Cd89351E97fa73E265E6227,0xc5833628bbeb908f1cd89351e97fa73e265e6227,True
0xC65a88A7b7752873a3106BD864BBCd717e35d2e5,0xc65a88a7b7752873a3106bd864bbcd717e35d2e5,True
0xC71B5F631354BE6853eFe9C3Ab6b9590F8302e81,0xc71b5f631354be6853efe9c3ab6b9590f8302e81,True
0xC758d5718147C8c5bC440098D623Cf8d96B95b83,0xc758d5718147c8c5bc440098d623cf8d96b95b83,True
0xc770EEfAd204B5180dF6a14Ee197D99d808ee52d,0xc770eefad204b5180df6a14ee197d99d808ee52d,True
0xC77Ad0a71008d7094a62cFbD250a2eB2AfdF2776,0xc77ad0a71008d7094a62cfbd250a2eb2afdf2776,True
0xC780e9c48752cEbe21fb119E1A4EFEa57E4b0026,0xc780e9c48752cebe21fb119e1a4efea57e4b0026,True
0xC7963974280261736868f962e3959Ee1E1B99712,0xc7963974280261736868f962e3959ee1e1b99712,True
0xc796Bb8906BB8f1D66d967A0825940e235107504,0xc796bb8906bb8f1d66d967a0825940e235107504,True
0xc7A3E2F6854f9f7d9537a1932C203ec4798698B6,0xc7a3e2f6854f9f7d9537a1932c203ec4798698b6,True
0xc7e9f886639bEEbA04C135ABeB96365C01969552,0xc7e9f886639beeba04c135abeb96365c01969552,True
0xc8bf8bC34874E07f6A0d4aBc8be22ba9E372631b,0xc8bf8bc34874e07f6a0d4abc8be22ba9e372631b,True
0xc944E90C64B2c07662A292be6244BDf05Cda44a7,0xc944e90c64b2c07662a292be6244bdf05cda44a7,True
0xCa14007Eff0dB1f8135f4C25B34De49AB0d42766,0xca14007eff0db1f8135f4c25b34de49ab0d42766,True
0xCA980F000771f70B15647069E9E541ef73F71f2f,0xca980f000771f70b15647069e9e541ef73f71f2f,True
0xCAeA107c120d85A91aDb3222472268A588080e0b,0xcaea107c120d85a91adb3222472268a588080e0b,True
0xCafd2f0A35A4459fA40C0517e17e6fA2939441CA,0xcafd2f0a35a4459fa40c0517e17e6fa2939441ca,True
0xCbDf6B04291C634818F350f360a61a3D14F45639,0xcbdf6b04291c634818f350f360a61a3d14f45639,True
0xCd5fE23C85820F7B72D0926FC9b05b43E359b7ee,0xcd5fe23c85820f7b72d0926fc9b05b43e359b7ee,True
0xCdC2cAB713251000AB5470f20d019F6Df4Aa1144,0xcdc2cab713251000ab5470f20d019f6df4aa1144,True
0xCdF7028ceAB81fA0C6971208e83fa7872994beE5,0xcdf7028ceab81fa0c6971208e83fa7872994bee5,True
0xcDfC85B293ff5D78f78d135d702e855680B4cf1C,0xcdfc85b293ff5d78f78d135d702e855680b4cf1c,True
0xce16F69375520ab01377ce7B88f5BA8C48F8D666,0xce16f69375520ab01377ce7b88f5ba8c48f8d666,True
0xCeB90E4C17d626BE0fACd78b79c9c87d7ca181b3,0xceb90e4c17d626be0facd78b79c9c87d7ca181b3,True
0xcf0C122c6b73ff809C693DB761e7BaeBe62b6a2E,0xcf0c122c6b73ff809c693db761e7baebe62b6a2e,True
0xCf5540fFFCdC3d510B18bFcA6d2b9987b0772559,0xcf5540fffcdc3d510b18bfca6d2b9987b0772559,True
0xcf5EA1b38380f6aF39068375516Daf40Ed70D299,0xcf5ea1b38380f6af39068375516daf40ed70d299,True
0xcFEB09C3c5F0f78aD72166D55f9e6E9A60e96eEC,0xcfeb09c3c5f0f78ad72166d55f9e6e9a60e96eec,True
0xd0764FAe29E0a6a96fF685f71CfC685456D5636c,0xd0764fae29e0a6a96ff685f71cfc685456d5636c,True
0xd084104A486f5D98ad7D065f23E881489ea3BC4A,0xd084104a486f5d98ad7d065f23e881489ea3bc4a,True
0xd0a6053f087E87a25dC60701ba6E663b1a548E85,0xd0a6053f087e87a25dc60701ba6e663b1a548e85,True
0xd129D8C12f0e7aA51157D9e6cc3F7Ece2dc84ecD,0xd129d8c12f0e7aa51157d9e6cc3f7ece2dc84ecd,True
0xD1669Ac6044269b59Fa12c5822439F609Ca54F41,0xd1669ac6044269b59fa12c5822439f609ca54f41,True
0xD1ca1F4dBB645710f5D5a9917AA984a47524f49A,0xd1ca1f4dbb645710f5d5a9917aa984a47524f49a,True
0xd1d2Eb1B1e90B638588728b4130137D262C87cae,0xd1d2eb1b1e90b638588728b4130137d262c87cae,True
0xD1EC35BeFEA327d5edce52af7785a1B76bb2C9E9,0xd1ec35befea327d5edce52af7785a1b76bb2c9e9,True
0xD2639676dA3dEA5491d27DA19340556b3a7d58B8,0xd2639676da3dea5491d27da19340556b3a7d58b8,True
0xD29DA236dd4AAc627346e1bBa06A619E8c22d7C5,0xd29da236dd4aac627346e1bba06a619e8c22d7c5,True
0xd315DA7170e9a44Dd6ddd09795a38F0661710Aab,0xd315da7170e9a44dd6ddd09795a38f0661710aab,True
0xD322A49006FC828F9B5B37Ab215F99B4E5caB19C,0xd322a49006fc828f9b5b37ab215f99b4e5cab19c,True
0xd32CB5f76989A27782e44c5297AAba728Ad61669,0xd32cb5f76989a27782e44c5297aaba728ad61669,True
0xD37BbE5744D730a1d98d8DC97c42F0Ca46aD7146,0xd37bbe5744d730a1d98d8dc97c42f0ca46ad7146,True
0xd38BB40815d2B0c2d2c866e0c72c5728ffC76dd9,0xd38bb40815d2b0c2d2c866e0c72c5728ffc76dd9,True
0xD3f52ad671d38663FB813a26c4B42C75Ea6ec34e,0xd3f52ad671d38663fb813a26c4b42c75ea6ec34e,True
0xD4419C2d3DAA986Dc30444Fa333a846be44Fd1eb,0xd4419c2d3daa986dc30444fa333a846be44fd1eb,True
0xD533a949740bb3306d119CC777fa900bA034cd52,0xd533a949740bb3306d119cc777fa900ba034cd52,True
0xd539a3A5edb713E6587E559A9D007FfFF92bd9ab,0xd539a3a5edb713e6587e559a9d007ffff92bd9ab,True
0xd566A5A30dAE9da9a53CDaAb1d7E24709F822acC,0xd566a5a30dae9da9a53cdaab1d7e24709f822acc,True
0xd75c669B3da058cf589bF0076FDaceDa40380C4d,0xd75c669b3da058cf589bf0076fdaceda40380c4d,True
0xd795eb12034C2b77d787a22292c26fab5f5C70Aa,0xd795eb12034c2b77d787a22292c26fab5f5c70aa,True
0xD7B2C1a7F3c67fB0EA57a7ef29bC1F18D7bE3195,0xd7b2c1a7f3c67fb0ea57a7ef29bc1f18d7be3195,True
0xd87bC554Ba21B135861da55706b4dd06F613aF51,0xd87bc554ba21b135861da55706b4dd06f613af51,True
0xD8912C10681D8B21Fd3742244f44658dBA12264E,0xd8912c10681d8b21fd3742244f44658dba12264e,True
0xd91eFec7E42f80156d1D9f660a69847188950747,0xd91efec7e42f80156d1d9f660a69847188950747,True
0xd96740E592a7AC8af1467E44EDBd7a2965dBbcB2,0xd96740e592a7ac8af1467e44edbd7a2965dbbcb2,True
0xD9A442856C234a39a81a089C06451EBAa4306a72,0xd9a442856c234a39a81a089c06451ebaa4306a72,True
0xD9D0D65588d5E674d6e6d640ed978126D375b991,0xd9d0d65588d5e674d6e6d640ed978126d375b991,True
0xd9e1cE17f2641f24aE83637ab66a2cca9C378B9F,0xd9e1ce17f2641f24ae83637ab66a2cca9c378b9f,True
0xd9ebbC7970e26B4eCeD7323b9331763E8272D011,0xd9ebbc7970e26b4eced7323b9331763e8272d011,True
0xdA47862a83dac0c112BA89c6abC2159b95afd71C,0xda47862a83dac0c112ba89c6abc2159b95afd71c,True
0xDA987c655ebC38C801DB64A8608bc1AA56Cd9a31,0xda987c655ebc38c801db64a8608bc1aa56cd9a31,True
0xDaB686df916170A8712e257A5fc8D508af796feE,0xdab686df916170a8712e257a5fc8d508af796fee,True
0xdAC17F958D2ee523a2206206994597C13D831ec7,0xdac17f958d2ee523a2206206994597c13d831ec7,True
0xdBB7a34Bf10169d6d2D0d02A6cbb436cF4381BFa,0xdbb7a34bf10169d6d2d0d02a6cbb436cf4381bfa,True
0xdC1741f9bD33DD791942CC9435A90B0983DE8665,0xdc1741f9bd33dd791942cc9435a90b0983de8665,True
0xDC402b5Bb2725F8761C600aaD79f06085Fa5fBc4,0xdc402b5bb2725f8761c600aad79f06085fa5fbc4,True
0xdD2F31DDeb5a3e9040f45B670eE2a62756c11DcD,0xdd2f31ddeb5a3e9040f45b670ee2a62756c11dcd,True
0xDdEc51fCb10ed81f532fca8d73E25480f71b7cFe,0xddec51fcb10ed81f532fca8d73e25480f71b7cfe,True
0xDE1617Ddb7C8A250A409D986930001985cfad76F,0xde1617ddb7c8a250a409d986930001985cfad76f,True
0xDe30da39c46104798bB5aA3fe8B9e0e1F348163F,0xde30da39c46104798bb5aa3fe8b9e0e1f348163f,True
0xdeC30460d1a1Abfe0B5087897FDb9602d9EA0EAE,0xdec30460d1a1abfe0b5087897fdb9602d9ea0eae,True
0xDEF171Fe48CF0115B1d80b88dc8eAB59176FEe57,0xdef171fe48cf0115b1d80b88dc8eab59176fee57,True
0xDef1C0ded9bec7F1a1670819833240f027b25EfF,0xdef1c0ded9bec7f1a1670819833240f027b25eff,True
0xdEF4a2438DF14050D98C0e9d4D93000000890BB2,0xdef4a2438df14050d98c0e9d4d93000000890bb2,True
0xdF4435Ed22b88A4C0e5e264fCA85A607c3B27536,0xdf4435ed22b88a4c0e5e264fca85a607c3b27536,True
0xdF87F7DDc0FD96056F49Feb2559fa17E81c0126d,0xdf87f7ddc0fd96056f49feb2559fa17e81c0126d,True
0xe1035b9C09f641582A8161495c68d8EaF0DD006B,0xe1035b9c09f641582a8161495c68d8eaf0dd006b,True
0xe1E7d6CaB4E4836Ce5655fAB7497e2324d67f18e,0xe1e7d6cab4e4836ce5655fab7497e2324d67f18e,True
0xE280e935ECce92d3F4B95Af38141393Df6f33242,0xe280e935ecce92d3f4b95af38141393df6f33242,True
0xe380E961DA0ddEB1903b3063CfAe0d90fD116b6b,0xe380e961da0ddeb1903b3063cfae0d90fd116b6b,True
0xe3c408BD53c31C085a1746AF401A4042954ff740,0xe3c408bd53c31c085a1746af401a4042954ff740,True
0xe3cBd06D7dadB3F4e6557bAb7EdD924CD1489E8f,0xe3cbd06d7dadb3f4e6557bab7edd924cd1489e8f,True
0xE4000004000bd8006e00720000d27d1FA000d43e,0xe4000004000bd8006e00720000d27d1fa000d43e,True
0xE434F06f44700a41FA4747bE53163148750a6478,0xe434f06f44700a41fa4747be53163148750a6478,True
0xE44e756BAF0b4A48C1248BbE109076979bD16fb2,0xe44e756baf0b4a48c1248bbe109076979bd16fb2,True
0xe4a8C47e675C974Ceed9A2C06C0BE7c026fF8D4e,0xe4a8c47e675c974ceed9a2c06c0be7c026ff8d4e,True
0xE4cf2D4eb9c01784798679F2FED4CF47cc59a3ec,0xe4cf2d4eb9c01784798679f2fed4cf47cc59a3ec,True
0xE52c349318C21AA08D7B28C0f476F29aC4B747d3,0xe52c349318c21aa08d7b28c0f476f29ac4b747d3,True
0xe53EC727dbDEB9E2d5456c3be40cFF031AB40A55,0xe53ec727dbdeb9e2d5456c3be40cff031ab40a55,True
0xE592427A0AEce92De3Edee1F18E0157C05861564,0xe592427a0aece92de3edee1f18e0157c05861564,True
0xe6828D65bf5023AE1851D90D8783Cc821ba7eeE1,0xe6828d65bf5023ae1851d90d8783cc821ba7eee1,True
0xe6b1DE575e7e610889ea21024834e120f92033a3,0xe6b1de575e7e610889ea21024834e120f92033a3,True
0xE6f3494E839F3D3Fb36c407eB35cd85D90Dc3704,0xe6f3494e839f3d3fb36c407eb35cd85d90dc3704,True
0xe72Ecea44b6d8B2b3cf5171214D9730E86213cA2,0xe72ecea44b6d8b2b3cf5171214d9730e86213ca2,True
0xE7351Fd770A37282b91D153Ee690B63579D6dd7f,0xe7351fd770a37282b91d153ee690b63579d6dd7f,True
0xE7e68e99205a186DAAf16981e8a1f8c72134b0d1,0xe7e68e99205a186daaf16981e8a1f8c72134b0d1,True
0xe8fC52b1bb3a40fd8889C0f8f75879676310dDf0,0xe8fc52b1bb3a40fd8889c0f8f75879676310ddf0,True
0xe9689028eDE16c2FDFE3D11855D28f8E3fC452a3,0xe9689028ede16c2fdfe3d11855d28f8e3fc452a3,True
0xE97F919722226076442bd53A8c19825D179A5985,0xe97f919722226076442bd53a8c19825d179a5985,True
0xeA1A6307D9b18F8d1cbf1c3Dd6aad8416C06a221,0xea1a6307d9b18f8d1cbf1c3dd6aad8416c06a221,True
0xEA26c4aC16D4a5A106820BC8AEE85fd0b7b2b664,0xea26c4ac16d4a5a106820bc8aee85fd0b7b2b664,True
0xea907797Dd7243DE1ae030d97279eDde936AE779,0xea907797dd7243de1ae030d97279edde936ae779,True
0xEAd050515E10fDB3540ccD6f8236C46790508A76,0xead050515e10fdb3540ccd6f8236c46790508a76,True
0xEbbd18AA8130335feAd576c78fc31dfD7f8B2DAd,0xebbd18aa8130335fead576c78fc31dfd7f8b2dad,True
0xEBd9D99A3982d547C5Bb4DB7E3b1F9F14b67Eb83,0xebd9d99a3982d547c5bb4db7e3b1f9f14b67eb83,True
0xeBdCe9a913d9400EE75ef31Ce8bd34462D01a1c1,0xebdce9a913d9400ee75ef31ce8bd34462d01a1c1,True
0xeC5483804e637D45cDe22Fa0869656B64b5AB1ab,0xec5483804e637d45cde22fa0869656b64b5ab1ab,True
0xEc6FC9be2d5e505b40A2DF8B0622cD25333823db,0xec6fc9be2d5e505b40a2df8b0622cd25333823db,True
0xECA3fC8A54ABac096fd518a499F7D48Af636034F,0xeca3fc8a54abac096fd518a499f7d48af636034f,True
0xed1167b6Dc64E8a366DB86F2E952A482D0981ebd,0xed1167b6dc64e8a366db86f2e952a482d0981ebd,True
0xED12310d5a37326E6506209C4838146950166760,0xed12310d5a37326e6506209c4838146950166760,True
0xED40aB79a3225902435C26233ed84Fb74bd8FFB8,0xed40ab79a3225902435c26233ed84fb74bd8ffb8,True
0xEdFE9aC42a511e1C523E067DB8345711419d4f14,0xedfe9ac42a511e1c523e067db8345711419d4f14,True
0xEE2a03Aa6Dacf51C18679C516ad5283d8E7C2637,0xee2a03aa6dacf51c18679c516ad5283d8e7c2637,True
0xEEda34A377dD0ca676b9511EE1324974fA8d980D,0xeeda34a377dd0ca676b9511ee1324974fa8d980d,True
0xEF0881eC094552b2e128Cf945EF17a6752B4Ec5d,0xef0881ec094552b2e128cf945ef17a6752b4ec5d,True
0xEf1c6E67703c7BD7107eed8303Fbe6EC2554BF6B,0xef1c6e67703c7bd7107eed8303fbe6ec2554bf6b,True
0xeF4fB24aD0916217251F553c0596F8Edc630EB66,0xef4fb24ad0916217251f553c0596f8edc630eb66,True
0xeF98e9650083ab1a102ae768d53b4182A6c65413,0xef98e9650083ab1a102ae768d53b4182a6c65413,True
0xEfF8E65aC06D7FE70842A4d54959e8692d6AE064,0xeff8e65ac06d7fe70842a4d54959e8692d6ae064,True
0xEfF92A263d31888d860bD50809A8D171709b7b1c,0xeff92a263d31888d860bd50809a8d171709b7b1c,True
0xf011212D6D3DB38eA2Aa71766cc020B551fA3af5,0xf011212d6d3db38ea2aa71766cc020b551fa3af5,True
0xf0163C18F8D3fC8D5b4cA15e07D0F9f75460335F,0xf0163c18f8d3fc8d5b4ca15e07d0f9f75460335f,True
0xf01Cde6d70596B7255Dd2FcFbd19FeAf4eD142f9,0xf01cde6d70596b7255dd2fcfbd19feaf4ed142f9,True
0xF047ab4c75cebf0eB9ed34Ae2c186f3611aEAfa6,0xf047ab4c75cebf0eb9ed34ae2c186f3611aeafa6,True
0xf091867EC603A6628eD83D274E835539D82e9cc8,0xf091867ec603a6628ed83d274e835539d82e9cc8,True
0xf10db848A80FECf1D137c952300ED1d311Ceb6DA,0xf10db848a80fecf1d137c952300ed1d311ceb6da,True
0xf1126BFbcBEcaF5807378448E52ecaEF23CF8a27,0xf1126bfbcbecaf5807378448e52ecaef23cf8a27,True
0xF19308F923582A6f7c465e5CE7a9Dc1BEC6665B1,0xf19308f923582a6f7c465e5ce7a9dc1bec6665b1,True
0xf21661D0D1d76d3ECb8e1B9F1c923DBfffAe4097,0xf21661d0d1d76d3ecb8e1b9f1c923dbfffae4097,True
0xf2614A233c7C3e7f08b1F887Ba133a13f1eb2c55,0xf2614a233c7c3e7f08b1f887ba133a13f1eb2c55,True
0xf298601155Ba8EBBc923ef3b9059BFb89e487D0c,0xf298601155ba8ebbc923ef3b9059bfb89e487d0c,True
0xf327c89Bf0769F0f2E99e50232557f03aAd6Cc17,0xf327c89bf0769f0f2e99e50232557f03aad6cc17,True
0xf3b9569F82B18aEf890De263B84189bd33EBe452,0xf3b9569f82b18aef890de263b84189bd33ebe452,True
0xF3dE3C0d654FDa23daD170f0f320a92172509127,0xf3de3c0d654fda23dad170f0f320a92172509127,True
0xF403C135812408BFbE8713b5A23a04b3D48AAE31,0xf403c135812408bfbe8713b5a23a04b3d48aae31,True
0xF404c2E79f0CAe21F426bc39e3213b2365798Dce,0xf404c2e79f0cae21f426bc39e3213b2365798dce,True
0xF49e25744847B5dD20e85e576B740043bc42f8Dd,0xf49e25744847b5dd20e85e576b740043bc42f8dd,True
0xF4dA885744b6f3107CE13d2d30383dCe2eeA6C85,0xf4da885744b6f3107ce13d2d30383dce2eea6c85,True
0xF532a5A35007804A9cA79E7Fa15D8f648F6D7F28,0xf532a5a35007804a9ca79e7fa15d8f648f6d7f28,True
0xF5581dFeFD8Fb0e4aeC526bE659CFaB1f8c781dA,0xf5581dfefd8fb0e4aec526be659cfab1f8c781da,True
0xF57e7e7C23978C3cAEC3C3548E3D615c346e79fF,0xf57e7e7c23978c3caec3c3548e3d615c346e79ff,True
0xF5925E20e3F4002bA17130641A87f574c71A8B3c,0xf5925e20e3f4002ba17130641a87f574c71a8b3c,True
0xf621Fb08BBE51aF70e7E0F4EA63496894166Ff7F,0xf621fb08bbe51af70e7e0f4ea63496894166ff7f,True
0xF629cBd94d3791C9250152BD8dfBDF380E2a3B9c,0xf629cbd94d3791c9250152bd8dfbdf380e2a3b9c,True
0xF6380A738840F81B9913672E64bcbB485a3788dA,0xf6380a738840f81b9913672e64bcbb485a3788da,True
0xf8428A5a99cb452Ea50B6Ea70b052DaA3dF4934F,0xf8428a5a99cb452ea50b6ea70b052daa3df4934f,True
0xf88eA0bf8C4Ee42105c175bF6886Bc6B01aBCb12,0xf88ea0bf8c4ee42105c175bf6886bc6b01abcb12,True
0xF8B1378579659D8F7EE5f3C929c2f3E332E41Fd6,0xf8b1378579659d8f7ee5f3c929c2f3e332e41fd6,True
0xF944e35f95E819E752f3cCB5Faf40957d311e8c5,0xf944e35f95e819e752f3ccb5faf40957d311e8c5,True
0xf94e7d0710709388bCe3161C32B4eEA56d3f91CC,0xf94e7d0710709388bce3161c32b4eea56d3f91cc,True
0xF955C57f9EA9Dc8781965FEaE0b6A2acE2BAD6f3,0xf955c57f9ea9dc8781965feae0b6a2ace2bad6f3,True
0xF96798F49936EfB1a56F99Ceae924b6B8359afFb,0xf96798f49936efb1a56f99ceae924b6b8359affb,True
0xF9D64d54D32EE2BDceAAbFA60C4C438E224427d0,0xf9d64d54d32ee2bdceaabfa60c4c438e224427d0,True
0xFA103c21ea2DF71DFb92B0652F8B1D795e51cdEf,0xfa103c21ea2df71dfb92b0652f8b1d795e51cdef,True
0xFA7093CDD9EE6932B4eb2c9e1cde7CE00B1FA4b9,0xfa7093cdd9ee6932b4eb2c9e1cde7ce00b1fa4b9,True
0xfAbA6f8e4a5E8Ab82F62fe7C39859FA577269BE3,0xfaba6f8e4a5e8ab82f62fe7c39859fa577269be3,True
0xFB0489e9753B045DdB35e39c6B0Cc02EC6b99AC5,0xfb0489e9753b045ddb35e39c6b0cc02ec6b99ac5,True
0xfB5c6815cA3AC72Ce9F5006869AE67f18bF77006,0xfb5c6815ca3ac72ce9f5006869ae67f18bf77006,True
0xfB85B9Ec50560e302Ab106F1E2857d95132120D0,0xfb85b9ec50560e302ab106f1e2857d95132120d0,True
0xfbEedCFe378866DaB6abbaFd8B2986F5C1768737,0xfbeedcfe378866dab6abbafd8b2986f5c1768737,True
0xFc1C93a2507975E98b9d0E9260Ded61A00152BF1,0xfc1c93a2507975e98b9d0e9260ded61a00152bf1,True
0xFc27CD13b432805F47c90A16646d402566BD3143,0xfc27cd13b432805f47c90a16646d402566bd3143,True
0xFc99f58A8974A4bc36e60E2d490Bb8D72899ee9f,0xfc99f58a8974a4bc36e60e2d490bb8d72899ee9f,True
0xfde0Ba8eDbB3b4350280e6Ba5b3621b8d3501314,0xfde0ba8edbb3b4350280e6ba5b3621b8d3501314,True
0xfE08D40Eee53d64936D3128838867c867602665c,0xfe08d40eee53d64936d3128838867c867602665c,True
0xFe0c30065B384F05761f15d0CC899D4F9F9Cc0eB,0xfe0c30065b384f05761f15d0cc899d4f9f9cc0eb,True
0xFe4d81A83deF8ba75E5B9670C562D124ceDb3e94,0xfe4d81a83def8ba75e5b9670c562d124cedb3e94,True
0xfE5F68cDf736d007f2d70E7F3976458dBa9745F3,0xfe5f68cdf736d007f2d70e7f3976458dba9745f3,True
0xFE8526A77A2c3590E5973bA81308B90BEA21FBFF,0xfe8526a77a2c3590e5973ba81308b90bea21fbff,True
0xFeAc2Eae96899709a43E252B6B92971D32F9C0F9,0xfeac2eae96899709a43e252b6b92971d32f9c0f9,True
0xFee1db36c0618c11B8604cf3f5e43B6EcfC47657,0xfee1db36c0618c11b8604cf3f5e43b6ecfc47657,True
0xfEF2359e77Df8B769760D62cbB5eE676FE78f6C2,0xfef2359e77df8b769760d62cbb5ee676fe78f6c2,True
0xfefe157c9d0aE025213092ff9a5cB56ab492BaB8,0xfefe157c9d0ae025213092ff9a5cb56ab492bab8,True
0xfF20817765cB7f73d4bde2e66e067E58D11095C2,0xff20817765cb7f73d4bde2e66e067e58d11095c2,True
0xFF551fEDdbeDC0AeE764139cCD9Cb644Bb04A6BD,0xff551feddbedc0aee764139ccd9cb644bb04a6bd,True
