address,symbol,decimals
0x06012c8cf97BEaD5deAe237070F9587f8E7A266d,CK,18
0x6715515F5aA98e8Bd3624922E1Ba91e6f5fc4402,SSNC,18
0xB65A4597DDBbA5cDda3262c2c432BD05E1d30Ddc,CHIBA,9
0xC02aaA39b223FE8D0A0e5C4F27eAD9083C756Cc2,WETH,18
0xdAC17F958D2ee523a2206206994597C13D831ec7,USDT,6
0x12652C6d93FDB6F4f37d48A8687783C782BB0d10,NTGL,18
0xA0b86991c6218b36c1d19D4a2e9Eb0cE3606eB48,USDC,6
0xF84A4AB89AC8b5b55d891795258Fe8b1aa420ccd,AZALEA,9
0x95aD61b0a150d79219dCF64E1E6Cc01f0B64C4cE,SHIB,18
0x0000000000A39bb272e79075ade125fd351887Ac,UNK,18
0x7777Cec341E7434126864195adEf9B05DCC3489C,ONI,18
0xEE2a03Aa6Dacf51C18679C516ad5283d8E7C2637,NEIRO,9
0xFD8b9Ba4845fB38c779317eC134b298C064937a2,9INCH,18
0x2b591e99afE9f32eAA6214f7B7629768c40Eeb39,HEX,8
0xc7bb03ddD9311fc0338bE013E7B523254092Fda9,n,18
0x015628Ce9150Db1bCE2FBb717A09E846F8a32436,BBC,18
0x15a7EdBbd8909358AE91a278b42d8ebF0CE9452e,XROOTAI,9
0xb94B99df2f790F78dBAE138755957B3789991332,100XT,18
0x6E483cBcCAa7D53E91b2f0cDe8C5723Dad2B2391,USDX,18
0xb10cc888cB2CcE7036F4c7ECAd8a57Da16161338,SWITCH,8
0x069F01CDD1E32D7BaB5fc81527df191835136C9D,APUGURL,9
0x626E8036dEB333b408Be468F951bdB42433cBF18,AIOZ,18
0xE57425F1598f9b0d6219706b77f4b3DA573a3695,BTCBR,18
0x94AAd11f1E7Ca2361156D6B0476A3B29B1836275,CHIB,18
0x63696Fc66795B51d02c1590b536484A41fbDDF9a,WELL,18
0x727116E19F7fC9862AA94F9c8DA8B33b43308Da9,KABOSU,18
0xF57e7e7C23978C3cAEC3C3548E3D615c346e79fF,IMX,18
0xaA8330FB2B4D5D07ABFE7A72262752a8505C6B37,POLC,18
0x6B175474E89094C44Da98b954EedeAC495271d0F,DAI,18
0x4c11249814f11b9346808179Cf06e71ac328c1b5,ORAI,18
0x77E06c9eCCf2E797fd462A92B6D7642EF85b0A44,wTAO,9
0x5283D291DBCF85356A21bA090E6db59121208b44,BLUR,18
0xE5AcBB03D73267c03349c76EaD672Ee4d941F499,WBEAM,8
0x9BE89D2a4cd102D8Fecc6BF9dA793be995C22541,BBTC,8
0x549020a9Cb845220D66d3E9c6D9F9eF61C981102,SIDUS,18
0x97A9a15168C22B3C137E6381037E1499C8ad0978,DOP,18
0x88909D489678dD17aA6D9609F89B0419Bf78FD9a,L3,18
0xD1B89856D82F978D049116eBA8b7F9Df2f342fF3,PEPO,9
0x917ceE801a67f933F2e6b33fC0cD1ED2d5909D88,weETHs,18
0x9e8f10574ACc2c62C6e5d19500CEd39163Da37A9,SY-weETHs,18
0x28cE264D0938C1051687FEbDCeFacc2242BA9E0E,YT-weETHs-29AUG2024,18
0xda6530EfaFD63A42d7b9a0a5a60A03839CDb813A,PT-weETHs-29AUG2024,18
0x73A15FeD60Bf67631dC6cd7Bc5B6e8da8190aCF5,USD0,18
0x35D8949372D46B7a3D5A56006AE77B215fc69bC0,USD0++,18
0xf3b9569F82B18aEf890De263B84189bd33EBe452,CAW,18
0x8e42FE26FC1697f57076C9f2A8d1FF69Cf7F6Fda,AGURI,9
0xec53bF9167f50cDEB3Ae105f56099aaaB9061F83,EIGEN,18
0x582d872A1B094FC48F5DE31D3B73F2D9bE47def1,TONCOIN,9
0x790814Cd782983FaB4d7B92CF155187a865d9F18,MATT,9
0x873259322BE8e50d80A4b868D186Cc5aB148543A,Ponzio,18
0x2260FAC5E5542a773Aa44fBCfeDf7C193bc2C599,WBTC,8
0xdF4435Ed22b88A4C0e5e264fCA85A607c3B27536,BETA,8
0x7D1AfA7B718fb893dB30A3aBc0Cfc608AaCfeBB0,MATIC,18
0x29f1f7650400Ea357d3376dA4BadE904119c28B8,STRBSE,18
0x7f792db54B0e580Cdc755178443f0430Cf799aCa,VOLT,9
0x88682B010a73AEb295c2a1bB0D6C39B96323779D,‚Ü∫‚Ü∫‚Ü∫,18
0xCd5fE23C85820F7B72D0926FC9b05b43E359b7ee,weETH,18
0x35fA164735182de50811E8e2E824cFb9B6118ac2,eETH,18
0xadd39272E83895E7d3f244f696B7a25635F34234,PEPU,18
0x7Fad1d5521Ed3E06823F542064e17b00030cdACB,$SHINJA,9
0x4fE83213D56308330EC302a8BD641f1d0113A4Cc,NU,18
0xCdF7028ceAB81fA0C6971208e83fa7872994beE5,T,18
0xfAbA6f8e4a5E8Ab82F62fe7C39859FA577269BE3,ONDO,18
0xb131f4A55907B10d1F0A50d8ab8FA09EC342cd74,MEME,18
0xae78736Cd615f374D3085123A210448E74Fc6393,rETH,18
0xbDbE9F26918918Bd3F43a0219d54e5fDA9ce1BB3,MOLLY,9
0x2e7576042566f8D6990e07A1B61Ad1efd86Ae70d,variableDebtWETH,18
0xC71B5F631354BE6853eFe9C3Ab6b9590F8302e81,ZK,18
0xd05DFA1A533A8D63e5cD4D9D55cB20F85024fe63,MAMA,9
0x68AD75469DB9181a1144E769c16Adf47f2F32Cae,$MaxETH,18
0x23BbB1B8cC5756E4211c859bDC774F29461478C3,GXY,18
0x92D6C1e31e14520e676a687F0a93788B716BEff5,DYDX,18
0x1258D60B224c0C5cD888D37bbF31aa5FCFb7e870,GPU,18
0x590F820444fA3638e022776752c5eEF34E2F89A6,ALPH,18
0x38E68A37E401F7271568CecaAc63c6B1e19130B4,BANANA,18
0x514910771AF9Ca656af840dff83E8264EcF986CA,LINK,18
0xa47c8bf37f92aBed4A126BDA807A7b7498661acD,UST,18
0xaaeE1A9723aaDB7afA2810263653A34bA2C21C7a,Mog,18
0xa2E3356610840701BDf5611a53974510Ae27E2e1,wBETH,18
0x7f39C581F595B53c5cb19bD0b3f8dA6c935E2Ca0,wstETH,18
0xe53EC727dbDEB9E2d5456c3be40cFF031AB40A55,SUPER,18
0xe28b3B32B6c345A34Ff64674606124Dd5Aceca30,INJ,18
0xae7ab96520DE3A18E5e111B5EaAb095312D7fE84,stETH,18
0x7a4EffD87C2f3C55CA251080b1343b605f327E3a,rstETH,18
0x553cD5e6D2072723f5FE5457576Ed6D06b0905b2,SY-rstETH,18
0x19aA5B6e7499c0eC15f695cb5A20CD6993185993,YT-rstETH-26SEP2024,18
0xF4349323C990BB697F8755A51319142CBB209fd3,PT-rstETH-26SEP2024,18
0x8881562783028F5c1BCB985d2283D5E170D88888,SHFL,18
0x83E9115d334D248Ce39a6f36144aEaB5b3456e75,bEIGEN,18
0xf091867EC603A6628eD83D274E835539D82e9cc8,ZETA,18
0x40D16FC0246aD3160Ccc09B8D0D3A2cD28aE6C2f,GHO,18
0x0000206329b97DB379d5E1Bf586BbDB969C63274,USDA,18
0x1a7e4e63778B4f12a199C062f3eFdD288afCBce8,EURA,18
0x3231Cb76718CDeF2155FC47b5286d82e6eDA273f,EURe,18
0xdF87F7DDc0FD96056F49Feb2559fa17E81c0126d,SWCH,18
0x0B9aE6b1D4f0EEeD904D1CEF68b9bd47499f3fFF,NATI,18
0x209e639a0EC166Ac7a1A4bA41968fa967dB30221,GU,18
0xF704d8d0e2E99E955c9F704c356dd3d3f8006e50,SON,9
0xD56a5db6fE0D2b24f89152492b2e0e1b661ecf2a,MIMOO,9
0x06450dEe7FD2Fb8E39061434BAbCFC05599a6Fb8,XEN,18
0xc00e94Cb662C3520282E6f5717214004A7f26888,COMP,18
0x1Cf763AE60891164bb0c6A04e63b373a76b16c02,NIQAB,18
0x8802269D1283cdB2a5a329649E5cB4CdcEE91ab6,FIGHT,9
0x6AA0E1910353aF11F1F21Eb5B2E4A0e9b0374d8A,PRODUCERS,18
0x1D72373852BBDAD6C5ed20176d112e0a3f336160,CCP,18
0x4d224452801ACEd8B2F0aebE155379bb5D594381,APE,18
0xAf5191B0De278C7286d6C7CC6ab6BB8A73bA2Cd6,STG,18
0xdD2F31DDeb5a3e9040f45B670eE2a62756c11DcD,USDT,18
0x0847d1fB2AdC3D1C19B233AFB7d01a631728A415,GRD,18
0xc944E90C64B2c07662A292be6244BDf05Cda44a7,GRT,18
0x72E95b8931767C79bA4EeE721354d6E99a61D004,variableDebtEthUSDC,6
0x560363BdA52BC6A44CA6C8c9B4a5FadbDa32fa60,SFUND,18
0x644192291cc835A93d6330b24EA5f5FEdD0eEF9e,NXRA,18
0xD8912C10681D8B21Fd3742244f44658dBA12264E,PLU,18
0xBE77212A6c7f55567470c2C95AFf7B0B0E0C3Ef5,Shiba 2.0,9
0xEeB4d8400AEefafC1B2953e0094134A887C76Bd8,AVAIL,18
0xE5A733681bbE6cd8c764Bb8078ef8E13a576Dd78,DPAY,18
0x6a159543abfC7Baf816Fdbc99EfD48E4EE7acc63,FUKU,9
0x431ad2ff6a9C365805eBaD47Ee021148d6f7DBe0,UNK,18
0x3B6564b5DA73A41d3A66e6558a98FD0e9E1e77ad,UTS,18
0xA0E752441024D632E13ac193B4d519E0C2e6508D,UNI-V2,18
0x6553565EaC5DAa9BfC5E2892B36291634c9B2ad6,RAKE,18
0x467719aD09025FcC6cF6F8311755809d45a5E5f3,AXL,6
0x32B053F2CBA79F80ada5078cb6b305da92BDe6e1,NEURAL,18
0xEb7b5294c79b0369315Ed7fE76b52d3108B0A62D,UNI-V2,18
0xA35923162C49cF95e6BF26623385eb431ad920D3,TURBO,18
0x608d054507D5B81212eE8c1e47F98E5fA770e77A,KAI,9
0xC17c30e98541188614dF99239cABD40280810cA3,RISE,18
0x1001271083C249bd771E1bb76C22D935809a61Ee,FUKU,9
0xBEEF69Ac7870777598A04B2bd4771c71212E6aBc,steakLRT,18
0x6De037ef9aD2725EB40118Bb1702EBb27e4Aeb24,RNDR,18
0xe591293151fFDadD5E06487087D9b0E2743de92E,MORSE,18
0x15b7c0c907e4C6b9AdaAaabC300C08991D6CEA05,GEL,18
0x100891Bf73ba8274C234Aa34621BC626ED6ECA8e,HACHI,9
0x25f8087EAD173b73D6e8B84329989A8eEA16CF73,YGG,18
0x347Af8252640b26887182F84CE3191549D3EAb41,MTD,18
0xB528edBef013aff855ac3c50b381f253aF13b997,AEVO,18
0xB50721BCf8d664c30412Cfbc6cf7a15145234ad1,ARB,18
0x777b6d4730A8a890dc64bf202514CE03ab001c02,BARS,18
0x5fD13359Ba15A84B76f7F87568309040176167cd,amphrETH,18
0x1f9840a85d5aF5bf1D1762F925BDADdC4201F984,UNI,18
0x7DD9c5Cba05E151C895FDe1CF355C9A1D5DA6429,GLM,18
0x000006fD692D20d2404a334c22A404af3b2DaaC6,DUCKY,9
0xc2eB40516Ecaac04aE9964934983D1E9EbDF51FD,99BTC,18
0x8457CA5040ad67fdebbCC8EdCE889A335Bc0fbFB,ALT,18
0xF96798F49936EfB1a56F99Ceae924b6B8359afFb,reALT,18
0xa4E009e698ED9d818Cf6efDe5897A950ef1e2Be5,SHIBE,9
0x155788DD4b3ccD955A5b2D461C7D6504F83f71fa,HARRIS,9
0x881f14BaBD5210c35821cD9AC8330D9344fF2D81,MILAN,9
0x4Fabb145d64652a948d72533023f6E7A623C7C53,BUSD,18
0x0e043e39E1F9382E4b3cB9B859a1452A93993bE7,SA,18
0x2cC774364eC2D4Cf53433c76Dad287b743B17441,Aguri,9
0x2a6E2835D0F2fb55a7ae6CBD71765eCB2D4343b1,IAM,18
0xCF078DA6e85389de507ceeDE0E3d217e457B9d49,SKAI,18
0x2fb652314C3d850E9049057bBE9813F1eEe882d3,RVF,18
0xF19308F923582A6f7c465e5CE7a9Dc1BEC6665B1,TITANX,18
0xf939E0A03FB07F59A73314E73794Be0E57ac1b4E,crvUSD,18
0x4c9EDD5852cd905f086C759E8383e09bff1E68B3,USDe,18
0x236501327e701692a281934230AF0b6BE8Df3353,FLT,18
0xAE12C5930881c53715B369ceC7606B70d8EB229f,C98,18
0xdCa0D70C8948e84B792Ac356E57871d16CD26017,MEMES,9
0x4b7C762Af92dBD917d159Eb282B85aa13E955739,POODL,18
0xD1EC35BeFEA327d5edce52af7785a1B76bb2C9E9,DIE,9
0x8AB2ff0116A279a99950C66A12298962D152B83c,ORDS,18
0x38e4adB44ef08F22F5B5b76A8f0c2d0dCbE7DcA1,CVP,18
0xD478161C952357F05f0292B56012Cd8457F1cfbF,POLK,18
0x58b6A8A3302369DAEc383334672404Ee733aB239,LPT,18
0xCdC2cAB713251000AB5470f20d019F6Df4Aa1144,POTIONS,18
0x3D658390460295FB963f54dC0899cfb1c30776Df,Coval,8
0x081FAC886FDcacdC826C4135ED4BA5b65ecEcFb8,BSSC,18
0xEe2B9b7e168b5b2D40c507b891c7CfB13A6AaF2b,ZYGO,18
0x889edC2eDab5f40e902b864aD4d7AdE8E412F9B1,unstETH,18
0xBBc2AE13b23d715c30720F079fcd9B4a74093505,ERN,18
0xEA26c4aC16D4a5A106820BC8AEE85fd0b7b2b664,QKC,18
0xd166b7D9824cc5359360B47389AbA9341cE12619,PNX,9
0xff7c3964BBe9315732958e914Eb041CDD05F3C77,TSUJI,9
0x88dF592F8eb5D7Bd38bFeF7dEb0fBc02cf3778a0,TRB,18
0x420b879b0d18cc182E7E82AD16a13877C3A88420,BUD,9
0x00000000BdC126A7d8D0A6D3844843959FfFa423,fpDGOD,18
0x00000000b8939D68f3dB6c1FB91B37544F3c0b1B,fpDGOD,18
0x8821BeE2ba0dF28761AffF119D66390D594CD280,DEGODS,18
0x3fD00038bfD3Eb22f51118468C9d43C1EB7210F3,RIN,9
0xCCcabbE13f5a9c0fAd8F1A922E08d8246f2Dd9A5,NEILUO,9
0xAE5099C39f023C91d3dd55244CAFB36225B0850E,PT-sUSDE-24OCT2024,18
0xb9dad3693AEAc9025Cb24a47AFA6930539877187,lov-PT-sUSDe-Oct2024-a,18
0xfefe157c9d0aE025213092ff9a5cB56ab492BaB8,FEFE,9
0xFe0c30065B384F05761f15d0CC899D4F9F9Cc0eB,ETHFI,18
0x67466BE17df832165F8C80a5A120CCc652bD7E69,WOLF,18
0x75CE16D11B83605aa039D40d7d846ff23064Fb65,DUB,9
0x1B4d88f5f38988BEA334C79f48aa69BEEeFE2e1e,KrswETH,18
0xa6422E3E219ee6d4C1B18895275FE43556fd50eD,STBU,18
0x7223442cad8e9cA474fC40109ab981608F8c4273,weETHk,18
0xFE8526A77A2c3590E5973bA81308B90BEA21FBFF,WAI,18
0x7613C48E0cd50E42dD9Bf0f6c235063145f6f8DC,PIRATE,18
0x812Ba41e071C7b7fA4EBcFB62dF5F45f6fA853Ee,Neiro,9
0x9EBb0895bD9C7C9dFAB0d8d877c66bA613Ac98Ea,MAGAA,18
0x0a2C375553e6965b42C135bb8B15a8914B08de0c,FROG,9
0x80B845C860c137d4396455AC0Cc6d44D2cd02E9e,KAMALA,18
0xD533a949740bb3306d119CC777fa900bA034cd52,CRV,18
0x4e3FBD56CD56c3e72c1403e103b45Db9da5B9D2B,CVX,18
0x111111111117dC0aa78b770fA6A738034120C302,1INCH,18
0xAeE9bA9CE49fe810417A36408e34D9962b653E78,SNIBBU,9
0x777BE1c6075c20184C4fd76344b7b0B7c858fe6B,BAR,18
0x8248270620Aa532E4d64316017bE5E873E37cc09,DEVVE,18
0xb2617246d0c6c0087f18703d576831899ca94f01,ZIG,18
0x6E2a43be0B1d33b726f0CA3b8de60b3482b8b050,ARKM,18
0x15700B564Ca08D9439C58cA5053166E8317aa138,deUSD,18
0x5C5b196aBE0d54485975D1Ec29617D42D9198326,sdeUSD,18
0xa4500d1E71Acf3975ae95BE0fFd188aAEB6142C2,KABOSU,18
0x16ECCfDbb4eE1A85A33f3A9B21175Cd7Ae753dB4,ROUTE,18
0xaea46A60368A7bD060eec7DF8CBa43b7EF41Ad85,FET,18
0x2255daE0D573fc1d532336772381264a417D281C,PEPE,9
0x974D796E0Bea47038f39C3F98b1aA2c5240b5495,EAVE,18
0x7f911119435D8dED9F018194B4b6661331379a3d,FWOG,18
0xD9A442856C234a39a81a089C06451EBAa4306a72,pufETH,18
0x03Be5C903c727Ee2C8C4e9bc0AcC860Cca4715e2,CAPS,18
0x8C19f7854b27758DDFfdcDC8908F22BF55e00736,YIELD,18
0x6942040b6d25D6207E98f8E26C6101755D67Ac89,MELLOW,9
0x8eea6cc08D824B20Efb3bf7C248de694cb1f75F4,VPS,18
0x30a4aa1d14D44f0f5BFe887447AB6FAcc94A549F,cbwsETH,18
0xa250CC729Bb3323e7933022a67B52200fE354767,fwWETH,18
0x76107daca41C995E9d94AF27314818Bc99CBdc80,fwZRX,18
0xE41d2489571d322189246DaFA5ebDe1F4699F498,ZRX,18
0x12996C7B23c4012149bf9F5663FF9Aa08A9cF2E4,WSH,18
0x8fc17671D853341D9e8B001F5Fc3C892d09CB53A,BLOCK,18
0xc8bf8bC34874E07f6A0d4aBc8be22ba9E372631b,SWGT,8
0x26EbB8213fb8D66156F1Af8908d43f7e3e367C1d,RETIK,18
0x2d886570A0dA04885bfD6eb48eD8b8ff01A0eb7e,BCB,9
0x923607A06aA8F1c525a5bb2d921CF85E625bE776,TCRV,18
0xBB0E17EF65F82Ab018d8EDd776e8DD940327B28b,AXS,18
0x767FE9EDC9E0dF98E07454847909b5E959D7ca0E,ILV,18
0x8207c1FfC5B6804F6024322CcF34F29c3541Ae26,OGN,18
0x1a76bfFD6D1FC1660e1d0E0552Fde51ddbB120CF,RST,18
0x698ba479bcCE123ed44B510c8E1C8Be80fc97461,$HACHI,10
0x5520A65c6014bdcBAE2d50cD7fAdD9e14E85Bf66,MOONM,18
0x0425e5Bf7F52591a04Fbe24C454ac004179C4318,ALLBI,18
0x6B417828051328caef5B4e0BfE8325962Ec8fB17,SBS,18
0xB8A914A00664e9361eaE187468EfF94905dfbC15,DRIP,9
0x760BcC590B18AA90a11c4E1DA468faD3236dC76d,RPP,18
0x6c3ea9036406852006290770BEdFcAbA0e23A0e8,PYUSD,6
0xB0fFa8000886e57F86dd5264b9582b2Ad87b2b91,W,18
0x636bd98fC13908e475F56d8a38a6e03616Ec5563,WAT,18
0x31C4f6A7b6351B89F16278a5Ceb6AbcE5381Cb4f,GINNAN,9
0x1A4b46696b2bB4794Eb3D4c26f1c55F9170fa4C5,BIT,18
0xed1167b6Dc64E8a366DB86F2E952A482D0981ebd,LBR,18
0x14FE42c10e43E4a41A62CC6cff223fbC97071c3D,AOBA,9
0x6982508145454Ce325dDbE47a25d4ec3d2311933,PEPE,18
0x579CEa1889991f68aCc35Ff5c3dd0621fF29b0C9,IQ,18
0x32b86b99441480a7E5BD3A26c124ec2373e3F015,BAD,18
0xDe30da39c46104798bB5aA3fe8B9e0e1F348163F,GTC,18
0xD7B2C1a7F3c67fB0EA57a7ef29bC1F18D7bE3195,vMINT,18
0xb58E26ac9cc14c0422C2b419b0CA555Ee4DcB7CB,Niza,9
0x7Fc66500c84A76Ad7e9c93437bFc5Ac33E2DDaE9,AAVE,18
0x25931894a86D47441213199621F1F2994e1c39Aa,CGPT,18
0xd32CB5f76989A27782e44c5297AAba728Ad61669,HyPCL,18
0x836B4d9C0F01275A28085AceF53AC30460f58242,CNPR,18
0x9c354503C38481a7A7a51629142963F98eCC12D0,OGV,18
0xF68DF06AC6A44334a970c4cDd9c107E985ccCD34,POCHI,9
0x1294f4183763743c7c9519Bec51773fb3aCD78FD,FI,18
0xeA7B7DC089c9a4A916B5a7a37617f59fD54e37E4,HyPC,6
0xe2512A2f19F0388aD3D7A5263eaA82AcD564827b,SHIDO,18
0xac5B038058bcD0424C9c252c6487C25F032E5dDc,AIEPK,18
0x967B0c95295ead8fAef70d26A7846AeCD349AAFf,$HACHI,18
0xD31a59c85aE9D8edEFeC411D448f90841571b89c,SOL,9
0x4b9278b94a1112cAD404048903b8d343a810B07e,UNK,18
0x7420B4b9a0110cdC71fB720908340C03F9Bc03EC,JASMY,18
0x85F17Cf997934a597031b2E18a9aB6ebD4B9f6a4,NEAR,24
0xB8A4350eDaFD7af34164Dd5870e49E28393FF3ec,MMTR,18
0x576e2BeD8F7b46D34016198911Cdf9886f78bea7,TRUMP,9
0x614Da3b37B6F66F7Ce69B4Bbbcf9a55CE6168707,MMX,18
0xbAbE3ce7835665464228dF00B03246115C30730A,BABYNEIRO,9
0x5BB15141bb6DeF6d2BafeED8ff84BF889c0C573B,LVM,18
0x5A713B087519fBc56E6262FA77943d77Ae3Da7EE,UNI-V2,18
0x9813037ee2218799597d83D4a5B6F3b6778218d9,BONE,18
0xA0Ef786Bf476fE0810408CaBA05E536aC800ff86,MYRIA,18
0x6081d7F04a8c31e929f25152d4ad37c83638C62b,FLT-DROP,18
0x40e9187078032AfE1a30cfcF76E4fe3D7aB5c6C5,AIX,18
0x6aA56e1D98b3805921C170EB4B3fe7D4Fda6D89b,TRUMP,9
0x4AC429A7cdf2b533E2c0cFF1b017F2c344E864e2,PLSX,18
0xC36983d3D9d379dDFB306DFB919099cB6730e355,COLLE,18
0x63b4f3e3fa4e438698CE330e365E831F7cCD1eF4,CFi,18
0x808507121B80c02388fAd14726482e061B8da827,PENDLE,18
0x00b321D89A8C36B3929f20B7955080baeD706D1B,PENDLE-LPT,18
0xB2a6aB0bCa57871a93F0B9FB709238034b178509,PT-USD0++-31OCT2024-PRT,18
0xB333f60EbAdB65f62e464f3F343B960b623cbee4,BURN,18
0x0BEE91533Be2EDE0936Ea53457Ce7bd9b0B398c6,SBI,9
0x6c3F90f043a72FA612cbac8115EE7e52BDe6E490,3Crv,18
0xb3999F658C0391d94A37f7FF328F3feC942BcADC,HFT,18
0x5A98FcBEA516Cf06857215779Fd812CA3beF1B32,LDO,18
0x40a9A694197A0b4B92f2aAd48Da6bC1b6Ff194e9,@LFG,18
0x8191DC3053Fe4564c17694cB203663d3C07B8960,USDe,18
0x292fcDD1B104DE5A00250fEBbA9bC6A5092A0076,HashAI,18
0xF1268733C6FB05EF6bE9cF23d24436Dcd6E0B35E,DAW,18
0xF5581dFeFD8Fb0e4aeC526bE659CFaB1f8c781dA,HOPR,18
0x62D0A8458eD7719FDAF978fe5929C6D342B0bFcE,BEAM,18
0x6226e00bCAc68b0Fe55583B90A1d727C14fAB77f,MTV,18
0x1Bbe973BeF3a977Fc51CbED703E8ffDEfE001Fed,PORTAL,18
0xd7512b3E3c7b1432D0ADB4310b5488C3f9397e16,FIGHT,9
0x1495bc9e44Af1F8BCB62278D2bEC4540cF0C05ea,DEAI,18
0x9Ce84F6A69986a83d92C324df10bC8E64771030f,CHEX,18
0x0255D663191e4D9bcD77ddeeab63F3Dd4dc5DD96,ELONTRUMP,9
0x21E5c85a5B1f38bdDDE68307Af77e38f747Cd530,DOGS,9
0xc092A137df3cF2B9e5971ba1874D26487C12626d,RING,18
0x52A8845DF664D76C69d2EEa607CD793565aF42B8,APEX,18
0x7d5121505149065b562C789A0145eD750e6E8cdD,VR,18
0xFAe103DC9cf190eD75350761e95403b7b8aFa6c0,rswETH,18
0x3fFEea07a27Fab7ad1df5297fa75e77a43CB5790,PEIPEI,18
0xA1290d69c65A6Fe4DF752f95823fae25cB99e5A7,rsETH,18
0x66761Fa41377003622aEE3c7675Fc7b5c1C2FaC5,CPOOL,18
0x27702a26126e0B3702af63Ee09aC4d1A084EF628,ALEPH,18
0x12787526c03d626AAc88E6EDc4d0Fb930d86C631,SPK,18
0x3593D125a4f7849a1B059E64F4517A86Dd60c95d,OM,18
0x903bEF1736CDdf2A537176cf3C64579C3867A881,ICHI,9
0x111111517e4929D3dcbdfa7CCe55d30d4B6BC4d6,ICHI,18
0xbe0Ed4138121EcFC5c0E56B40517da27E6c5226B,ATH,18
0x0A791089ACf48912a9Cfde00E3A6aFe9eDBC3221,RFY,18
0x64Bc2cA1Be492bE7185FAA2c8835d9b824c8a194,BIGTIME,18
0xf94e7d0710709388bCe3161C32B4eEA56d3f91CC,DSync,18
0x9ff58067Bd8D239000010c154C6983A325Df138E,PROPC,18
0xcf0C122c6b73ff809C693DB761e7BaeBe62b6a2E,FLOKI,9
0x00a0BE1BBC0C99898dF7e6524Bf16e893c1e3bB9,VPS,18
0x2401c39d7ba9E283668a53fcC7B8F5FD9e716fdf,ocsETH,18
0x7d5706f6ef3F89B3951E23e557CDFBC3239D4E2c,WithdrawRequestNFT,18
0x943Af2ece93118B973c95c2F698EE9D15002e604,DUEL,18
0x6df1C1E379bC5a00a7b4C6e67A203333772f45A8,variableDebtEthUSDT,6
0x14778860E937f509e651192a90589dE711Fb88a9,CYBER,18
0x0bc529c00C6401aEF6D220BE8C6Ea1667F6Ad93e,YFI,18
0x2DABcea55a12d73191AeCe59F508b191Fb68AdaC,KweETH,18
0xf8428A5a99cb452Ea50B6Ea70b052DaA3dF4934F,ZERC,18
0xdE342A3E269056fc3305f9e315F4C40D917BA521,BYTE,9
0xf705d2B7e92B3F38e6ae7afaDAA2fEE110fE5914,variableDebtDAI,18
0x684E4ED51D350b4d76A3a07864dF572D24e6dC4c,ISEKAI,18
0x89B69F2d1adffA9A253d40840B6Baa7fC903D697,Dione,9
0x41e5560054824eA6B0732E656E3Ad64E20e94E45,CVC,8
0x57a204AA1042f6E66DD7730813f4024114d74f37,KONGZ,18
0x0d438F3b5175Bebc262bF23753C1E53d03432bDE,wNXM,18
0xd7c49CEE7E9188cCa6AD8FF264C1DA2e69D4Cf3B,NXM,18
0x82a605D6D9114F4Ad6D5Ee461027477EeED31E34,SNSY,18
0x42a43bc18a20831a6AbfC551C9476eBA124C03c2,$HAMSTR,18
0x838d9ed33807B14Ce7Ae494b182E06d98319ce5f,CROAK,18
0x14feE680690900BA0ccCfC76AD70Fd1b95D10e16,$PAAL,9
0x6123B0049F904d730dB3C36a31167D9d4121fA6B,RBN,18
0x7A8b507dB820C31Ace4bB403778A6740738cEd26,BEAST,9
0x590246Bfbf89b113D8ac36FaEeA12B7589f7FE5b,FLAPPY,9
0x6931741d93EBB7F7ba995B1c1E84CB777dFE01Cb,BLUE PILL,18
0x84631c0d0081FDe56DeB72F6DE77abBbF6A9f93a,Re7LRT,18
0xE833C7A12A10A44Cb8b19BdF0931053AC136F105,SY-Re7LRT,18
0xFdfc9E828aE3708814996147D23aCeaeF4e4CdF2,YT-Re7LRT-26SEP2024,18
0x5C8151643F7aAC530e2c5D13F91cA2A2D645A9a7,PT-Re7LRT-26SEP2024,18
0x38C2a4a7330b22788374B8Ff70BBa513C8D848cA,TRUF,18
0xdB4fAcA2582C47D4C8b7aa65645250eDF1A951fD,veTRUF,18
0xD4F4D0a10BcaE123bB6655E8Fe93a30d01eEbD04,LNQ,18
0x0F5D2fB29fb7d3CFeE444a200298f468908cC942,MANA,18
0xA9E8aCf069C58aEc8825542845Fd754e41a9489A,pepecoin,18
0x5aFE3855358E112B5647B952709E6165e1c1eEEe,SAFE,18
0x6Fc16De36E040e0C7d1A70d039eF701516516b32,SCOPEX,9
0x18084fbA666a33d37592fA2633fD49a74DD93a88,tBTC,18
0xf920e4F3FBEF5B3aD0A25017514B769bDc4Ac135,BAX,18
0x8d6Fd650500f82c7D978a440348e5a9b886943bF,vEQ,18
0x9f8F72aA9304c8B593d555F12eF6589cC3A579A2,UNK,18
0x24fcFC492C1393274B6bcd568ac9e225BEc93584,MAVIA,18
0x8eD97a637A790Be1feff5e888d43629dc05408F6,NPC,18
0xA28CbB24313dF3907b8D87685bAb2c1d0bd46B60,ATX,18
0x08A1C30BBB26425c1031ee9E43FA0B9960742539,LNDX,6
0x6DEA81C8171D0bA574754EF6F8b412F2Ed88c54D,LQTY,18
0x5f98805A4E8be255a32880FDeC7F6728C6568bA0,LUSD,18
0x32a7C02e79c4ea1008dD6564b35F131428673c41,CRU,18
0xF2B16259Fa44077D2fcf83Ad88a739cd046fB958,FIPE,9
0x6B0b3a982b4634aC68dD83a4DBF02311cE324181,ALI,18
0x43D7E65B8fF49698D9550a7F315c87E67344FB59,SHIA,18
0x0B964B7Aea7F5ED10666A1F93c5690077a0a57e5,FUKU,9
0x487d62468282Bd04ddf976631C23128A425555EE,UPC,5
0xfCC24ec0cce31306a9541bFbFe45fF8A0f34f36E,TUBES,18
0x2E6a60492fB5b58F5b5D08c7cAFc75e740E6Dc8e,TSUJI,9
0xE9B8c15cB7C669c3f2679739c7835c6B911dbDDb,BabyNeiro,9
0xAAA9214F675316182Eaa21C85f0Ca99160CC3AAA,QANX,18
0xaCF63E56fd08970b43401492a02F6F38B6635C91,YKPS,18
0xD2DD9AE2EfDCF2Ac638A5865b0B76790Ed62a97e,XCOM,9
0xd10c315293872851184F484E9431dAf4dE6AA992,rWETH,18
0x1d25Bd8AbfEb1D6517Cc21BeCA20b5cd2df8247c,rweETH,18
0x9E85DF2B42b2aE5e666D7263ED81a744a534BF1f,rUSDC,6
0x3c19d9F2Df0E25C077A637692DA2337D51daf8B7,rUSDT,6
0x473693EcDAd05f5002ff5F63880CFA5901FB50E8,rsDAI,18
0x83B3896EC36cB20cFB430fCFE8Da23D450Dd09B5,rwstETH,18
0x03AB03DA2c5012855c743bc318c19EF3dE5Bc906,rrETH,18
0xE57538e4075446e42907Ea48ABFa83B864F518e4,rWBTC,8
0xf21661D0D1d76d3ECb8e1B9F1c923DBfffAe4097,RIO,18
0x2161c88DC5A5B82e4988661bE66AD95edef3C3f2,UNK,18
0x4550003152F12014558e5CE025707E4DD841100F,KZEN,18
0x4aBD5745F326932B1b673bfa592a20d7BB6bc455,Froglic,18
0x584a4Dd38d28fD1EA0E147bA7B70AEd29A37e335,BTCINU,18
0xBBe23E96c48030dc5D4906E73C4876c254100D33,RB,18
0xD29DA236dd4AAc627346e1bBa06A619E8c22d7C5,MAGA,9
0x85Eee30c52B0b379b046Fb0F85F4f3Dc3009aFEC,KEEP,18
0x881d4C8618D68872fA404518B2460eA839A02a6a,$yawn,18
0xf1B33aC32dbC6617f7267a349be6ebb004FeCcff,DRMLOOPS,18
0x27c1A626CeD568a16bD38CA5513a42F3Cf769575,DUMP,18
0x69af81e73A73B40adF4f3d4223Cd9b1ECE623074,MASK,18
0x3BE7BBe6D61EdA1524a904e5ddE46A22AFEB35e8,COCONUT,9
0xA882606494D86804B5514E07e6Bd2D6a6eE6d68A,WPLS,18
0x2e1E15C44Ffe4Df6a0cb7371CD00d5028e571d14,MTLX,18
0xC059A531B4234D05E9ef4ac51028F7E6156E2CCe,,18
0x998844a089B9A7E0Adc7EE16C598C4d3d4e9bBb7,Scroll,18
0x420FBb6006FB251318414FfA530590c3D7618E33,ICELAND,9
0x83e6f1E41cdd28eAcEB20Cb649155049Fac3D5Aa,POLS,18
0xe3c408BD53c31C085a1746AF401A4042954ff740,GMT,8
0xCb08717451aaE9EF950a2524E33B6DCaBA60147B,crvTETH,18
0xC4C2614E694cF534D407Ee49F8E44D125E4681c4,CHAIN,18
0x0f2D719407FdBeFF09D87557AbB7232601FD9F29,SYN,18
0xC6bDb96E29c38DC43f014Eed44dE4106A6A8eB5f,INUINU,18
0x46A15B0b27311cedF172AB29E4f4766fbE7F4364,PCS-V3-POS,18
0x6B3595068778DD592e39A122f4f5a5cF09C90fE2,SUSHI,18
0xd795eb12034C2b77d787a22292c26fab5f5C70Aa,PIXFI,18
0x1729F8Cc02237bD360c94c15a8ee41ab724f19fB,stPIXFI,18
0x3bd7d4F524D09F4e331577247A048D56e4b67a7F,5IRE,18
0x4cfF49d0A19ed6Ff845a9122fa912AbcFB1F68A6,WTK,18
0x6aBAf438f098F75C5892E1FABF08B1896C805967,BLOOD,9
0xD9Ec3ff1f8be459Bb9369b4E79e9Ebcf7141C093,KAI,18
0xa41d2f8Ee4F47D3B860A149765A7dF8c3287b7F0,SYNC,9
0xe0A458BF4AcF353cB45e211281A334BB1d837885,4CHAN,9
0x320623b8E4fF03373931769A31Fc52A4E78B5d70,RSR,18
0x09101f948aAFd081A31d88a04c8e34812079A8F0,RRYDER,18
0x39fBBABf11738317a448031930706cd3e612e1B9,WXRP,18
0x7Da00CC040B2E32521ecE4063A0A72295D152128,PKING,18
0x6BeA7CFEF803D1e3d5f7C0103f7ded065644e197,GAMMA,18
0x17c50D62E6E8D20d2DC18e9AD79c43263D0720d9,NFAi,18
0xc652ec6617dFD5401ad210abdF8a231c9513CBFc,UNI-V2,18
0x44971ABF0251958492FeE97dA3e5C5adA88B9185,basedAI,18
0xeC5483804e637D45cDe22Fa0869656B64b5AB1ab,ACE,18
0x73fBD93bFDa83B111DdC092aa3a4ca77fD30d380,SOPH,18
0x393f1D49425d94f47b26E591a9D111df5cD61065,GUA,18
0xbeef698bd78139829e540622D5863E723E8715f1,BEEF,9
0x198139F26d42F2028C10427a161e2d0e8bb00346,SY-amphrETH,18
0x675BBC7514013E2073DB7a919F6e4cbeF576de37,CLS,18
0x0a7Df7BC7a01A4b6C9889d5994196C1600D4244a,LOT-ETH,18
0xA0d69E286B938e21CBf7E51D71F6A4c8918f482F,eUSD,18
0xa3c01F68Ec8ce0788247A65990AC3daeBA3B5920,:ZKR:,9
0x0D8775F648430679A709E98d2b0Cb6250d2887EF,BAT,18
0x0E895d72ffCA4239F45Fe5537C1a9E41678f4A16,SHARKY,18
0xF7F77c7f8E738C09D8c267f60d78Df1FfC67211C,UNI-V2,18
0x8143182a775C54578c8B7b3Ef77982498866945D,wQUIL,8
0xd2877702675e6cEb975b4A1dFf9fb7BAF4C91ea9,LUNA,18
0xD8E8438CF7bEEd13cFABC82F300Fb6573962c9e3,HONK,9
0x340D2bdE5Eb28c1eed91B2f790723E3B160613B7,VEE,18
0x86358F7B33b599c484e0335B8Ee4f7f7f92d8b60,vEQ,18
0xc78B628b060258300218740B1A7a5b3c82b3bd9f,wCOMAI,18
0x3E5A19c91266aD8cE2477B91585d1856B84062dF,A8,18
0xB91d822DfEF943165f368D92c16bAc9bD5Ec6842,ZKX,18
0xBcca60bB61934080951369a648Fb03DF4F96263C,aUSDC,6
0x619beb58998eD2278e08620f97007e1116D5D25b,variableDebtUSDC,6
0x9ff58f4fFB29fA2266Ab25e75e2A8b3503311656,aWBTC,8
0xca7c2771D248dCBe09EABE0CE57A62e18dA178c0,UNI-V2,18
0x037A54AaB062628C9Bbae1FDB1583c195585fe41,LCX,18
0xd5F7838F5C461fefF7FE49ea5ebaF7728bB0ADfa,mETH,18
0xE90d8Fb7B79C8930B5C8891e61c298b412a6e81a,LASOG,18
0xB8c77482e45F1F44dE1745F52C74426C631bDD52,BNB,18
0x6E79B51959CF968d87826592f46f819F92466615,HOPPY,9
0x00F116ac0c304C570daAA68FA6c30a86A04B5C5F,INF,18
0xfcd7cceE4071aA4ecFAC1683b7CC0aFeCAF42A36,BLAZE,18
0xa670d7237398238DE01267472C6f13e5B8010FD1,somm,6
0x85847Ef522d78EfDBeC8Afb0045dC7D6982837c3,PALETHV2,18
0x8682FA9C4b6495Ddf38643807Ca088eBE0d22b8B,PALETHV2-gauge,18
0x0EE5257F670CD6870B390F6e9b21C14DB201BCd7,cvxPALETHV2,18
0xD13c7342e1ef687C5ad21b27c2b65D772cAb5C8c,UOS,4
0x263B6B028F3e4eD8C4329eB2b5f409Ee38D97296,WMT,6
0x9E32b13ce7f2E80A01932B42553652E053D6ed8e,Metis,18
0x1859EF5c77F2A27B8440d2d0083fE89d0F04a7FA,OIL,9
0x7D29A64504629172a429e64183D6673b9dAcbFCe,VXV,18
0x505B5eDa5E25a67E1c24A2BF1a527Ed9eb88Bf04,CWEB,18
0x1cc7047E15825F639E0752Eb1b89E4225F5327F2,PLX,18
0x0bc37BEA9068a86C221B8bd71eA6228260DAD5A2,SPARKLET,18
0x469823c7B84264D1BAfBcD6010e9cdf1cac305a3,CBS,18
0xc555D625828c4527d477e595fF1Dd5801B4a600e,MON,18
0xD417144312DbF50465b1C641d016962017Ef6240,CQT,18
0x8c9532a60E0E7C6BbD2B2c1303F63aCE1c3E9811,pzETH,18
0x00813E3421E1367353BfE7615c7f7f133C89df74,SPS,18
0xF9F3c901ccD97e0A9456849333094e7Bf8543F58,NEINEI,9
0xc56C7A0eAA804f854B536A5F3D5f49D2EC4B12b8,GME,9
0x426a688eE72811773eB64F5717A32981B56F10c1,AMC,18
0x69420b83B6189f954268F1167cA7C7f3B21711D2,RATDOG,9
0x53b38ebd32bDe4293423234939F6555Cb7975f1e,fomeow,9
0x2541A36BE4cD39286ED61a3E6AFC2307602489d6,DOGE20,18
0x2598c30330D5771AE9F983979209486aE26dE875,AI,18
0x40aAbEf1aa8f0eEc637E0E7d92fbfFB2F26A8b7B,variableDebtEthWBTC,8
0x6369c3DadfC00054A42BA8B2c09c48131dd4Aa38,MPH,18
0x1f426C51F0Ef7655A6f4c3Eb58017d2F1c381bfF,UNK,18
0x2F47cA81a38CB76F94256706750a4eA879E7CF9F,RPT,18
0x40FD72257597aA14C7231A7B1aaa29Fce868F677,XOR,18
0x58f9102bF53Cf186682Bd9a281d3Cd3c616eEc41,TRL,18
0x683A4ac99E65200921f556A19dADf4b0214B5938,MAPE,9
0xDaAA56C7a88F6726e330138e5d3ef9d8786bBAB3,TOTEM,18
0x9309bcD974Cd13457eab1383539b46C93e90B66A,SY-pzETH,18
0xa2B4c479C98163BbDBd3987a9f3474bB7bc72F84,YT-pzETH-26SEP2024,18
0xdBD8a24E780E7661c5c9f66310A3D4Ad309cD763,PT-pzETH-26SEP2024,18
0xE0B469cb3EDA0ecE9E425CFeDa4DF986a55eA9f8,WETH,18
0x306ee01a6bA3b4a8e993fA2C1ADC7ea24462000c,NPT,18
0x744030Ad4E6c10fAf5483b62473D88a254d62261,NLK,18
0x6985884C4392D348587B19cb9eAAf157F13271cd,ZRO,18
0xaa95f26e30001251fb905d264Aa7b00eE9dF6C18,Kendu,18
0x0a252663DBCc0b073063D6420a40319e438Cfa59,XENT,18
0xf34960d9d60be18cC1D5Afc1A6F012A723a28811,KCS,6
0x4DEB3C9FAadC7d4E78818d2078732e579c3d6671,UNI-V2,18
0xdAF54c7F6eb34de3bb6359932A929b47d8b552f6,KABOSU,18
0xF1376bceF0f78459C0Ed0ba5ddce976F1ddF51F4,uniETH,18
0x38Ca226e5ac5C96fd9B1f1abCad65613e2108D3E,KuniETH,18
0x8Ab7404063Ec4DBcfd4598215992DC3F8EC853d7,KAON,18
0x04Fa0d235C4abf4BcF4787aF4CF447DE572eF828,UMA,18
0x68754d29f2e97B837Cb622ccfF325adAC27E9977,KpufETH,18
0x0e7375C46A0552520Ce6C976Dc268AE1B341F45f,MTK,18
0x69EE720C120EC7c9C52A625C04414459B3185f23,PEEZY,18
0x39636B82C7d2E703baa093ef195ee5af81535954,BONE,9
0x9d7107c8E30617CAdc11f9692A19C82ae8bbA938,ROO,18
0xA0b73E1Ff0B80914AB6fe0444E65848C4C34450b,CRO,8
0x163f8C2467924be0ae7B5347228CABF260318753,WLD,18
0xAa2C0092B9725503d3CFe7dC868Baa85FbAEc96A,üêïLuckyDoge,9
0xF411903cbC70a74d22900a5DE66A2dda66507255,VRA,18
0x7A65CB87F596Caf31a4932f074c59c0592bE77D7,ZYPTO,18
0x6c6EE5e31d828De241282B9606C8e98Ea48526E2,HOT,18
0x239a149410AA8d583013246C0Adeb9FCa81e86C0,FWOG,18
0xa84fF2E85BE2cF5A7c88c97Cb07BB34127FDCF07,UNI-V2,18
0xD46bA6D942050d489DBd938a2C909A5d5039A161,AMPL,9
0xBc5311653Dbbd1eCAfF00FDB5985449CbFD77C98,Shiba 3.0,9
0x36E66fbBce51e4cD5bd3C62B637Eb411b18949D4,OMNI,18
0x2dA719DB753dFA10a62E140f436E1d67F2ddB0d6,CERE,10
0x5F6c431AC417f0f430B84A666a563FAbe681Da94,deUSDUSDC,18
0x4575f41308EC1483f3d399aa9a2826d74Da13Deb,OXT,18
0x598f0fb0EB8863fB5b07C2D7C7dc12308F72C05B,sSYNR,18
0xbc6E06778708177a18210181b073DA747C88490a,SYNR,18
0x84cA8bc7997272c7CfB4D0Cd3D55cd942B3c9419,DIA,18
0x354C8cDA7E3B737d360513A0Dc5ABcEE8Ee1cEA3,BABYTRUMP,18
0xB69753c06BB5c366BE51E73bFc0cC2e3DC07E371,POOH,18
0x8Bcda22D51785A5540129feb90D47cb279826478,ITO,9
0x746Db7B1728aF413C4e2b98216C6171B2FC9D00e,INFC,18
0xd539a3A5edb713E6587E559A9D007FfFF92bd9ab,PB,18
0x8DB42Af6B2de9E8AeE47F3423570d8E9c3873796,SY-Karak-WEETH,18
0x57f1887a8BF19b14fC0dF6Fd9B2acc9Af147eA85,UNK,18
0x89d584A1EDB3A70B3B07963F9A3eA5399E38b136,AIT,18
0xe9689028eDE16c2FDFE3D11855D28f8E3fC452a3,BUBBLE,18
0xBBbbCA6A901c926F240b89EacB641d8Aec7AEafD,LRC,18
0x36C7188D64c44301272Db3293899507eabb8eD43,SWAG,9
0xC36442b4a4522E871399CD717aBDD847Ab11FE88,UNI-V3-POS,18
0x5fE72ed557d8a02FFf49B3B826792c765d5cE162,SHEZMU,18
0x2A79324c19Ef2B89Ea98b23BC669B7E7c9f8A517,WAXP,8
0x967da4048cD07aB37855c090aAF366e4ce1b9F48,OCEAN,18
0x4CA38b163b37d974b6670ea4CeD94906dbD71197,LAUNCH,18
0x069d89974f4edaBde69450f9cF5CF7D8Cbd2568D,BVM,18
0x25B4f5D4C314bCD5d7962734936C957B947cb7CF,TGC,18
0xc61eDB127f58f42F47a8bE8aeBe83cF602A53878,COBE,18
0xC0c293ce456fF0ED870ADd98a0828Dd4d2903DBF,AURA,18
0xF944e35f95E819E752f3cCB5Faf40957d311e8c5,MOCA,18
0xd1d2Eb1B1e90B638588728b4130137D262C87cae,GALA,8
0x4f14E88B5037F0cA24348Fa707E4A7Ee5318d9d5,_PROXY_NATI_,18
0x046EeE2cc3188071C02BfC1745A6b17c656e3f3d,RLB,18
0x1B84765dE8B7566e4cEAF4D0fD3c5aF52D3DdE4F,nUSD,18
0x427A03Fb96D9A94A6727fbcfbBA143444090dd64,PIXL,18
0x324c5Dc1fC42c7a4D43d92df1eBA58a54d13Bf2d,fVLT,18
0x7ABc8A5768E6bE61A6c693a6e4EAcb5B60602C4D,CXT,18
0x48660519AF97beb86a22d9750642561fbc6028a1,BABYFUKU,18
0x8377ee6d3545Bc6ff1425ee3015DC648B149C7B2,PRO,2
0xE92344b4eDF545F3209094B192E46600A19E7C2D,ZKML,18
0x15e6E0D4ebeAC120F9a97e71FaA6a0235b85ED12,SAVM,18
0x932261f9Fc8DA46C4a22e31B45c4De60623848bF,DNA,18
0x6B6EE7393F07B3dD1427b6848d3576F31C313127,BOMB,18
0x98C23E9d8f34FEFb1B7BD6a91B7FF122F4e16F5c,aEthUSDC,6
0xCe6E54DaA1ea95fb3530859d69D4bdb978dd821b,ORBK,18
0x33349B282065b0284d756F0577FB39c158F935e6,MPL,18
0xBb556b0eE2CBd89ed95DdEA881477723A3Aa8F8b,ALCA,18
0x1f557FB2aa33Dce484902695cA1374F413875519,VES,18
0x3429d03c6F7521AeC737a0BBF2E5ddcef2C3Ae31,PIXEL,18
0x5DB5235b5C7e247488784986e58019fFFd98FdA4,psETH,18
0xBAac2B4491727D78D2b78815144570b9f2Fe8899,DOG,18
0x4da27a545c0c5B758a6BA100e3a049001de870f5,stkAAVE,18
0x4d5F47FA6A74757f35C14fD3a6Ef8E3C9BC514E8,aEthWETH,18
0x22514fFb0d7232a56F0c24090E7B68f179FAA940,QORPO,18
0x595832F8FC6BF59c85C527fEC3740A1b7a361269,POWR,6
0xb7b277E008E825faea27dd97A276EDa4B3F3db8e,NLIBE,18
0xe6828D65bf5023AE1851D90D8783Cc821ba7eeE1,ABOND,18
0xb836c05E4Bf58e947FCDd884aD469e8ee54CDa92,IMNFT,18
0x046C4A4Ad5a6dde4222Ed693C9d9825c0f184939,ROSS,18
0x8b9b95292f890DF47fFf5aC9Cbe93d5fC242bd51,BEFI,18
0x3eC15c4745e21ab3831D1f51c492e3b5582d6239,PICKLE,18
0x85F7cFe910393fB5593C65230622AA597e4223f1,NITEFEEDER,9
0x4507cEf57C46789eF8d1a19EA45f4216bae2B528,TOKEN,9
0x9E24415d1e549EBc626a13a482Bb117a2B43e9CF,LOVELY,8
0x470c8950C0c3aA4B09654bC73b004615119A44b5,KIZUNA,18
0x0000000000771A79D0Fc7F3B7FE270eB4498F20b,MXENFT,18
0xEbbd18AA8130335feAd576c78fc31dfD7f8B2DAd,wLEGION,18
0xb2a25f7D864636E44Bc1Bf7a316897652Bf07463,LEGION,18
0x4a220E6096B25EADb88358cb44068A3248254675,QNT,18
0x3506424F91fD33084466F402d5D97f05F8e3b4AF,CHZ,18
0xC18360217D8F7Ab5e7c516566761Ea12Ce7F9D72,ENS,18
0xd43fbA1f38d9B306AEEF9d78aD177d51Ef802B46,GONDOLA,9
0x5Ee5bf7ae06D1Be5997A1A72006FE6C607eC6DE8,aEthWBTC,8
0x0D3CbED3f69EE050668ADF3D9Ea57241cBa33A2B,PDA,18
0xCa14007Eff0dB1f8135f4C25B34De49AB0d42766,STRK,18
0x8390a1DA07E376ef7aDd4Be859BA74Fb83aA02D5,GROK,9
0x0b0BB6bD81EBAb4a686D2b8b8e4a940BbFe6D1d7,USDV-I,6
0x2416092f143378750bb29b79eD961ab195CcEea5,ezETH,18
0xbf5495Efe5DB9ce00f80364C8B423567e58d2110,ezETH,18
0x0b38210ea11411557c13457D4dA7dC6ea731B88a,API3,18
0x9a23e79a8E6D77F940F2C30eb3d9282Af2E4036c,KrsETH,18
0x7316D973b0269863BbfeD87302e11334E25eA565,KEN,9
0x16980b3B4a3f9D89E33311B5aa8f80303E5ca4F8,KEX,6
0x2Be8e422cb4A5A7f217a8F1b0658952a79132F28,MSI,18
0x9edc6e80E5D8A573327Bd98815ac8c8C867131EA,NPT-LP,18
0xf951E335afb289353dc249e82926178EaC7DEd78,swETH,18
0x8DE5B80a0C1B02Fe4976851D030B36122dbb8624,VANRY,18
0x84018071282d4B2996272659D9C01cB08DD7327F,BLENDR,18
0xEE06A81a695750E71a662B51066F2c74CF4478a0,$DG,18
0x68BbEd6A47194EFf1CF514B50Ea91895597fc91E,ANDY,18
0xd0a6053f087E87a25dC60701ba6E663b1a548E85,LRDS,18
0xCdB37A4fBC2Da5b78aA4E41a432792f9533e85Cc,CDT,18
0x78128D17A89e5fe51BD0e757cfbc5703c34c7Fb6,$EWT,18
0x2F141Ce366a2462f02cEA3D12CF93E4DCa49e4Fd,FREE,18
0xC6221AC4E99066ea5443ACd67D6108F874E2533D,DCI,18
0xb7ac081DAc36CC8CDF2FA81239B1F01781b5Ce59,CATAIYANA,9
0x80008BCD713c38AF90a9930288D446bc3bD2E684,KARATE,18
0x993864E43Caa7F7F12953AD6fEb1d1Ca635B875F,SDAO,18
0xfF20817765cB7f73d4bde2e66e067E58D11095C2,AMP,18
0x9f04c2bD696a6191246144bA762456a24c457520,AITAX,18
0x91fbB2503AC69702061f1AC6885759Fc853e6EaE,KNINE,18
0x1A25024edD555E1cA76526f55dFe20bc55Bc6de7,USD–°,6
0x98b925EF41aff85d669B239C111Fd9119ddD541e,U–ÖD–¢,6
0xe903aad7C963513522285532F762b62645A9E2A8,LINK,18
0xF7d2009483aAEbD4dB11e2eb98a92f2B6d6bfF37,–ïRC20,18
0x77cb963350a239016886B1fE3b95366A2b539eA7,ETH,18
0x80f842Fa62F1f9Bbf0c538eA46807a12D589E918,WBTC,8
0xC65a88A7b7752873a3106BD864BBCd717e35d2e5,lov-USDe-a,18
0xa19f5264F7D7Be11c451C093D8f92592820Bea86,BYTES,18
0x68A47Fe1CF42eBa4a030a10CD4D6a1031Ca3CA0a,TET,8
0x2C537E5624e4af88A7ae4060C022609376C8D0EB,TRYB,6
0x6942806D1B2d5886D95cE2f04314ece8eb825833,Groyper,18
0x98dff18729026a33Bfd226352a528f078C65f5cd,UNI-V2,18
0xD5cd84D6f044AbE314Ee7E414d37cae8773ef9D3,1ONE,18
0x249e38Ea4102D0cf8264d3701f1a0E39C4f2DC3B,UFO,18
0xEEda34A377dD0ca676b9511EE1324974fA8d980D,pufETHwstE,18
0x30303101104100C397C069E0642ACaC518420205,PC,9
0x9Fb7b4477576Fe5B32be4C1843aFB1e55F251B33,fUSDC,6
0x4691937a7508860F876c9c0a2a617E7d9E945D4B,WOO,18
0xCE47ED3201284be4c9E3AD3298151578012c77C6,SNAK,18
0xdc9CB148ECb70876db0aBeB92f515a5E1dc9f580,GBTC,18
0x0F6979e74E4aF9aBeD72298D818A2434fE0b95B6,degents,18
0xFbE6F37d3db3fc939F665cfe21238c11a5447831,ETH 2.0,9
0x249cA82617eC3DfB2589c4c17ab7EC9765350a18,VERSE,18
0xDbA7b24257fC6e397cB7368B4BC922E944072f1b,veRISE,18
0x23cD2E6b283754Fd2340a75732f9DdBb5d11807e,nftRISE,0
0x3af33bEF05C2dCb3C7288b77fe1C8d2AeBA4d789,KROM,18
0x07040971246a73ebDa9Cf29ea1306bB47C7C4e76,USPEPE,9
0x1554F51F18F8E3fBe83E4442420E40Efc57ff446,CATS,18
0x1F573D6Fb3F13d689FF844B4cE37794d79a7FF1C,BNT,18
0xB17548c7B510427baAc4e267BEa62e800b247173,SMT,18
0x152649eA73beAb28c5b49B26eb48f7EAD6d4c898,Cake,18
0x947AEb02304391f8fbE5B25D7D98D649b57b1788,MDX,18
0xba386A4Ca26B85FD057ab1Ef86e3DC7BdeB5ce70,JESUS,18
0x4BBDD47c341Ce3f5478779fFa9cEA4f78B9de9ed,AOBA,9
0xeA1A6307D9b18F8d1cbf1c3Dd6aad8416C06a221,LQIDETHFIV1,18
0xf0bb20865277aBd641a307eCe5Ee04E79073416C,liquidETH,18
0x5b52bfB8062Ce664D74bbCd4Cd6DC7Df53Fd7233,ZENIQ,18
0x7Ddc52c4De30e94Be3A6A0A2b259b2850f421989,GMT,18
0xF1cA9cb74685755965c7458528A36934Df52A3EF,AVINOC,18
0xd8F1460044925d2D5c723C7054cd9247027415B7,SAIL,18
0x4E15361FD6b4BB609Fa63C81A2be19d873717870,FTM,18
0xBb3A8FD6Ec4bF0FDc6Cd2739b1e41192D12B1873,OBI,18
0x9B9647431632AF44be02ddd22477Ed94d14AacAa,KOK,18
0x613167fbA619ff20f4a3BdDEeAb8d37aB58490aE,KSTA,18
0xE72B141DF173b999AE7c1aDcbF60Cc9833Ce56a8,ETH+,18
0xe8a5677171c87fCB65b76957f2852515B404C7b1,ETH+ETH-f,18
0xf293d23BF2CDc05411Ca0edDD588eb1977e8dcd4,SYLO,18
0x09a3EcAFa817268f77BE1283176B946C4ff2E608,MIR,18
0xC08e7E23C235073C6807C2EFE7021304cb7c2815,XUSD,6
0xbCDa9E0658f4eECF56A0bd099e6DBc0C91f6A8c2,sil,8
0x3819f64f282bf135d62168C1e513280dAF905e06,HDRN,9
0x6810e776880C02933D47DB1b9fc05908e5386b96,GNO,18
0xDEf1CA1fb7FBcDC777520aa7f396b4E015F497aB,COW,18
0xBD74429C4991b1E9da8e747861447B570f503330,DRAK,3
0xf1B99e3E573A1a9C5E6B2Ce818b617F0E664E86B,oSQTH,18
0x6b15602f008a05D9694D777dEaD2F05586216cB4,CYG,18
0xeB935Deb517E4C2aBC282E5e251ed4D05DB79e93,FBG,18
0x069e4Aa272d17D9625aa3B6F863C7EF6CfB96713,BULEI,9
0x9FDFb933Ee990955D3219d4F892FD1F786b47C9B,MK,18
0x6968676661Ac9851C38907bDfcC22d5Dd77b564d,BOYSCLUB,18
0xA35b1B31Ce002FBF2058D22F30f95D405200A15b,ETHx,18
0x747E550a7B848acE786C3CFe754Aa78feBC8A022,DODO,18
0x45804880De22913dAFE09f4980848ECE6EcbAf78,PAXG,18
0xe97F6dDE78b11B58cB3e394F15ab592Cb2ACd290,MUNITY,18
0xFB0489e9753B045DdB35e39c6B0Cc02EC6b99AC5,AGG,18
0xFF4c58AE2a73aD5f7903Da3c80cBa77d0347E1EE,GG,18
0x6a8b188FAdBe8B52A2c23EA2d0df74f8956E7730,QSWAP,18
0x4c4A50A61BEd3b9024D8FFc1F1d168DC8Cb1c689,BARC,9
0x7825e833D495F3d1c28872415a4aee339D26AC88,TLOS,18
0xFc979087305A826c2B2a0056cFAbA50aad3E6439,DAFI,18
0xCefc753751c5083C680f8380f7da9848b42509F0,MARO,9
0x1a688857723B954832C405836b262aB5320520DD,ETH,18
0xbd31EA8212119f94A611FA969881CBa3EA06Fa3d,LUNA,6
0x96184d9C811Ea0624fC30C80233B1d749B9E485B,DAPPT,18
0x09fE5f0236F0Ea5D930197DCE254d77B04128075,WCK,18
0x853d955aCEf822Db058eb8505911ED77F175b99e,FRAX,18
0xe8fC52b1bb3a40fd8889C0f8f75879676310dDf0,XZK,18
0xB81389E81Ad88bF053c80E5aB86AA3424B8B2F74,LOL,6
0x3BE7bF1A5F23BD8336787D0289B70602f1940875,VIDT,18
0x6c5bA91642F10282b576d91922Ae6448C9d52f4E,PHA,18
0x940a2dB1B7008B6C776d4faaCa729d6d4A4AA551,DUSK,18
0xD101dCC414F310268c37eEb4cD376CcFA507F571,RSC,18
0xee573a945B01B788B9287CE062A0CFC15bE9fd86,XED,18
0x26c8AFBBFE1EBaca03C2bB082E69D0476Bffe099,CELL,18
0x423f4e6138E475D85CF7Ea071AC92097Ed631eea,PNDC,18
0x1aBaEA1f7C830bD89Acc67eC4af516284b1bC33c,EURC,6
0xf860332B4359E33ed25bC73D73a61a16eEfB03bA,POW,18
0x55296f69f40Ea6d20E478533C15A6B08B654E758,XYO,18
0x5026F006B85729a8b14553FAE6af249aD16c9aaB,WOJAK,18
0x1aE7e1d0ce06364CED9aD58225a1705b3e5DB92b,LMEOW,9
0x6cbaD21F63566741c80aBB0c1ff1C36B95498677,CTPC,18
0xaE6e307c3Fe9E922E5674DBD7F830Ed49c014c6B,CREDI,18
0xE0C8b298db4cfFE05d1bEA0bb1BA414522B33C1B,NCDT,18
0x9ABFc0f085C82Ec1Be31D30843965FCC63053fFe,Q*,9
0xD7DF7E085214743530afF339aFC420c7c720BFa7,SY-zs-weETH,18
0xE280e935ECce92d3F4B95Af38141393Df6f33242,WOJAK,18
0xc770EEfAd204B5180dF6a14Ee197D99d808ee52d,FOX,18
0x12Ed0641242e4C6c220e3ca8F616E9d5470AC99a,EARN,18
0x5eD63a582533ad98Bf15bc8669607EEA5a61398B,PT-zs-weETH-22AUG2024-PRT,18
0x6c269DFc142259c52773430b3c78503CC994a93E,PENDLE-LPT,18
0xC73d1E542076642edC3E1E7F445BC15CE2bd2173,DJX,9
0x36B14490668b04307C6e1C7Cad99019204fc3061,BROSEPH,18
0x7A56E1C57C7475CCf742a1832B028F0456652F97,SolvBTC,18
0xC96dE26018A54D51c097160568752c4E3BD6C364,FBTC,8
0x57e114B691Db790C35207b2e685D4A43181e6061,ENA,18
0x6D68015171EAa7af9a5a0a103664CF1e506Ff699,TUZKI,9
0x72B00E483a0Ec40634f47043d3190bE6aC210072,OHARE,18
0xEBd9D99A3982d547C5Bb4DB7E3b1F9F14b67Eb83,ID,18
0x362bc847A3a9637d3af6624EeC853618a43ed7D2,PRQ,18
0x76e222b07C53D28b89b0bAc18602810Fc22B49A8,JOE,18
0x7285b4c100cC351A7fc26604392D5f8335E7e76A,BabyFuku,9
0x83F20F44975D03b1b09e64809B757c47f942BEeA,sDAI,18
0x4dB84022f2f99394A1E91BEFf877A03706CB391F,BABYTROLL,18
0xaAAf91D9b90dF800Df4F55c205fd6989c977E73a,TKN,8
0xeff49b0F56a97C7FD3B51F0eCd2Ce999a7861420,FOFAR,9
0x0814796111e2BE5efe9809cF2761cD72c3f7D7fc,Furie,9
0x0ea4fC8F41901216ff0f869e246DBc105c6D9775,DOGEIRO,9
0xfDd87D65164b3D9e37cD50C8CBe29948Dc3a17Ab,USD,9
0xd26114cd6EE289AccF82350c8d8487fedB8A0C07,OMG,18
0xA2cd3D43c775978A96BdBf12d733D5A1ED94fb18,XCN,18
0x0763fdCCF1aE541A5961815C0872A8c5Bc6DE4d7,SUKU,18
0x188E817B02e635D482AE4D81e25DdA98A97C4a42,LITH,18
0xa92D45fD3714C9A5502a10b09E6865D251166718,MOF,18
0x0A638F07ACc6969abF392bB009f216D22aDEa36d,BKN,18
0x0205772BC5BB779C0A947686fBA99c7DDC3f45ac,CZ,9
0x72e4f9F808C49A2a61dE9C5896298920Dc4EEEa9,BITCOIN,8
0xa0Dd6dd7775E93EB842Db0AA142c9c581031Ed3B,MND,18
0x3845badAde8e6dFF049820680d1F14bD3903a5d0,SAND,18
0x090185f2135308BaD17527004364eBcC2D37e5F6,SPELL,18
0x3472A5A71965499acd81997a54BBA8D852C6E53d,BADGER,18
0xD7fC610F6595b3aA6E24466b5cA166D10a0fbdcb,KERN,18
0x41545f8b9472D758bB669ed8EaEEEcD7a9C4Ec29,FORT,18
0x3BB1BE077f3F96722AE92ec985aB37Fd0a0c4C51,MARV,18
0x6c249b6F6492864d914361308601A7aBb32E68f8,DUA,18
0xf0Ef8bB0011e7Ec14f4195645611d80Cc551e4B8,CCS,18
0x6ca6E692f8C66D0456C62220cC7C438C8015185b,TACKO,18
0x9834ed372a919a0f2F1CB7F46f08b684bA0e437C,UNI-V2,18
0x9D39A5DE30e57443BfF2A8307A4256c8797A3497,sUSDe,18
0x1605A410c8480A18A3e958fAFF3b6D2834fbae22,SY-sUSDE,18
0x279e76FA6310976dc651c5F48EC7e768e9e2CCb4,YT-sUSDE-24OCT2024,18
0xBA11D00c5f74255f56a5E366F4F77f5A186d7f55,BAND,18
0x75231F58b43240C9718Dd58B4967c5114342a86c,OKB,18
0x525574C899A7c877a11865339e57376092168258,GURU,18
0x508E00D5ceF397B02d260D035e5EE80775e4C821,1CAT,18
0x0026dFbd8DBb6f8D0c88303CC1B1596409Fda542,SANSHU!,18
0x1494CA1F11D487c2bBe4543E90080AeBa4BA3C2b,DPI,18
0x4139cDC6345aFFbaC0692b43bed4D059Df3e6d65,SY-sUSDE,18
0xdDAf27167929cd045a7d97D09A4fa1046ecE3D89,MELLSTROY,18
0xbDcD291C32e06bBf2d7B1fFc823959E3258E3583,WASD,9
0xba2Ae4e0a9c6ECaF172015Aa2cdd70a21F5A290B,IRO,9
0x0e6D98de664A28a32B584c72E606Ff7DeA898Dc6,PRAI,18
0x33C04Bed4533e31f2Afb8AC4a61A48Eda38C4fA0,GORILLA,9
0x31c8EAcBFFdD875c74b94b077895Bd78CF1E64A3,RAD,18
0xDA987c655ebC38C801DB64A8608bc1AA56Cd9a31,SYNT,18
0xAB846Fb6C81370327e784Ae7CbB6d6a6af6Ff4BF,PAL,18
0xbE4f3AD6C9458b901C81b734CB22D9eaE9Ad8b50,PALETH-f,18
0x26AccA8836164119FB4Dd0D31917627C68558EC9,HEN,18
0xfcb42A0e352a08AbD50b8EE68d01f581B6Dfd80A,S*ETH,18
0xbC396689893D065F41bc2C6EcbeE5e0085233447,PERP,18
0x077Fe9Ea7D6343Dc85242Cb1Ce3270f3e72C0953,BUBBLE,18
0x30D20208d987713f46DFD34EF128Bb16C404D10f,SD,18
0x3597bfD533a99c9aa083587B074434E61Eb0A258,DENT,8
0x3175Df0976dFA876431C2E9eE6Bc45b65d3473CC,crvFRAX,18
0x865377367054516e17014CcdED1e7d814EDC9ce4,DOLA,18
0x41D5D79431A913C4aE7d69a668ecdfE5fF9DFB68,INV,18
0xE4cf2D4eb9c01784798679F2FED4CF47cc59a3ec,miweETHs,18
0x7dE91B204C1C737bcEe6F000AAA6569Cf7061cb7,XRT,9
0x437636e4b984EAe19045626AA269a89f906cf96c,cdwETH,18
0xdab396cCF3d84Cf2D07C4454e10C8A6F5b008D2b,GFI,18
0xeE372d2b7e7C83DE7e345267b5e4eFC1899a4FAB,XTRACK,18
0xAC0047886a985071476a1186bE89222659970d65,SY-weETH,18
0x7d4A7be025652995364E0E232063abd9e8d65e6E,MONOPOLY,18
0x47bCE1BB5D9A9072161EC25009bcD6e8d367b7D3,SY-USD0++,18
0x4f0B4e6512630480B868e62a8A1D3451B0e9192d,YT-USD0++-31OCT2024,18
0x270d664d2Fc7D962012a787Aec8661CA83DF24EB,PT-USD0++-31OCT2024,18
0xf4d2888d29D722226FafA5d9B24F9164c092421E,LOOKS,18
0x491604c0FDF08347Dd1fa4Ee062a822A5DD06B5D,CTSI,18
0xF0f66Cd247f3cBF894dB6089944963E5eED88296,DAI,18
0xdc02b77a3986da62C7A78FED73949C9767850809,YT-sUSDE-26SEP2024,18
0x6c9f097e044506712B58EAC670c9a5fd4BCceF13,PT-sUSDE-26SEP2024,18
0x1C001D1C9e8c7B8dC717c714d30b31480ab360F5,GTX,18
0xc154ace99343350e9B303F861Ca84d6eBE2D33Dc,DogeT,18
0xdA47862a83dac0c112BA89c6abC2159b95afd71C,PRISMA,18
0xb34e1a3D07f9D180Bc2FDb9Fd90B8994423e33c1,PRISMAETH-f,18
0x9361aDF2b72f413D96f81FF40D794B47CE13b331,Barron,9
0x1a11Ea9d61588D756D9f1014c3Cf0D226aEdd279,MILEI,18
0x6B9f031D718dDed0d681c20cB754F97b3BB81b78,GEEQ,18
0xF629cBd94d3791C9250152BD8dfBDF380E2a3B9c,ENJ,18
0x1223334444A7466fBf985B14E1F4EdAf3883bCa6,GROW,18
0x49cF6f5d44E70224e2E23fDcdd2C053F30aDA28B,CloneX,18
0x163cfEA49609F4C113E9F5C37Fc23DF29DdEdDC8,AZALEA,9
0x8C7AC134ED985367EADC6F727d79E8295E11435c,Kekec,18
0xb4357054c3dA8D46eD642383F03139aC7f090343,PORT3,18
0xd38BB40815d2B0c2d2c866e0c72c5728ffC76dd9,SIS,18
0x2F573070E6090b3264Fe707e2C9F201716F123c7,MUMU,18
0x6a6c2adA3Ce053561C2FbC3eE211F23d9b8C520a,TON,18
0xf3768D6e78E65FC64b8F12ffc824452130BD5394,KEROSENE,18
0x426AedbEd16726E3F220cb4FED4d4060b95ccA46,BAHAMAS,18
0x147faF8De9d8D8DAAE129B187F0D02D819126750,GEO,18
0x42476F744292107e34519F9c357927074Ea3F75D,LOOM,18
0x53BE7BE0CE7f92bCbd2138305735160Fb799BE4F,$NTMPI,6
0x13012d7190661854088EcAB4d7d83aD957f22890,SHARPEI,18
0x396c95abE154b3b2eD204Cf45c8726AA7ad47A4D,GDT,18
0xc5fB36dd2fb59d3B98dEfF88425a3F425Ee469eD,TSUKA,9
0x6e15CBDCF3BE14188D3c42EF43d0267A77A3E816,ITSNicky,18
0xC7555f6410E983C867748879B2F6d2b0b0e100fd,SDAX,5
0xC011a73ee8576Fb46F5E1c5751cA3B9Fe0af2a6F,SNX,18
0x989fA855CE126275bc269e0Ec8F04A57B4aF02b4,XBLAZE,18
0x0BaECcD651cf4692A8790BCC4f606E79bF7A3B1c,PPLCTR,18
0xd822801d63520a2672A6e92CE861DfaFc29ea3e3,KIP,18
0xB47f9D0e8744AC7CCAEfC8aA00Ae172b9557C695,GIN,9
0xBe9895146f7AF43049ca1c1AE358B0541Ea49704,cbETH,18
0xB26ff591F44b04E78de18f43B46f8b70C6676984,DC_cbETH,18
0xC379e535CaFf250a01CAa6C3724Ed1359Fe5c29B,FROG,18
0xFBE44caE91d7Df8382208fCdc1fE80E40FBc7e9a,GEMAI,18
0x4946Fcea7C692606e8908002e55A582af44AC121,FOAM,18
0xDAde98C0ee0E729988fD87C9FFa6Cba57635259e,NEIRA,18
0x2dfF88A56767223A5529eA5960Da7A3F5f766406,ID,18
0x9e18d5BAB2FA94a6A95F509Ecb38F8F68322AbD3,OMIKAMI,9
0x0047A674f18AFA0666fA292e1E213e3F9Ea353Eb,HITMAN,9
0x7dA2641000Cbb407C329310C461b2cB9c70C3046,AGI,18
0x422F5acCC812C396600010f224b320a743695f85,DC_wBETH,18
0x185ece9Bc75164F9FC0fbE44738E8dd1863f8464,UNDX,18
0x0828096494ad6252F0F853abFC5b6ec9dfe9fDAd,TST,18
0xae41b275aaAF484b541A5881a2dDED9515184CCA,CSWAP,18
0xdBB7a34Bf10169d6d2D0d02A6cbb436cF4381BFa,ZENT,18
0xDdEc51fCb10ed81f532fca8d73E25480f71b7cFe,PT,18
0x12b6893cE26Ea6341919FE289212ef77e51688c8,TAMA,18
0x9D65fF81a3c488d585bBfb0Bfe3c7707c7917f54,SSV,18
0xb10CB07CA2CDac77FbB5707f6690301f9d036F45,WIN,8
0x9012744B7A564623b6C3E40b144fc196bdeDf1A9,OxN,18
0x319620504611570779254768255Fc295B5853367,MAET,18
0xC0F9bD5Fa5698B6505F643900FFA515Ea5dF54A9,DONUT,18
0xBa630d3BA20502BA07975B15c719BEECc8e4EBB0,EPRO,9
0xDc51312c1fd1728253Be2e0C4C214C3cEb2b54ff,UNI-V2,18
0x6135177A17E02658dF99A07A2841464deB5B8589,FEARNOT,9
0x761D38e5ddf6ccf6Cf7c55759d5210750B5D60F3,ELON,18
0xd0834d08c83dbE216811AAea0EEfFb2349E57634,GreenCap,18
0x298f243aD592b6027d4717fBe9DeCda668E3c3A8,iDAI,18
0x72D9881A751D7166d864BAE38c31C5a154FB8c28,Gr≈çk,18
0x3301Ee63Fb29F863f2333Bd4466acb46CD8323E6,AKITA,18
0x3B604747ad1720C01ded0455728b62c0d2F100F0,WAGMIGAMES,18
0x77FbA179C79De5B7653F68b5039Af940AdA60ce0,FORTH,18
0x3Ed3B47Dd13EC9a98b44e6204A523E766B225811,aUSDT,6
0x531842cEbbdD378f8ee36D171d6cC9C4fcf475Ec,variableDebtUSDT,6
0xED40aB79a3225902435C26233ed84Fb74bd8FFB8,GSlam,18
0xff56Cc6b1E6dEd347aA0B7676C85AB0B3D08B0FA,ORBS,18
0xF89674f18309A2E97843c6e9B19C07c22cAEF6d5,Gamer,9
0x0202Be363B8a4820f3F4DE7FaF5224fF05943AB1,UFT,18
0x02D3A27Ac3f55d5D91Fb0f52759842696a864217,IONX,18
0x525A8F6F3Ba4752868cde25164382BfbaE3990e1,NYM,6
0x67c4D14861f9c975d004cFB3aC305beE673E996E,LANDWU,9
0x112b08621E27e10773ec95d250604a041f36C582,KAS,8
0x998a1d40F097Fd36bFF15cA78Fc0673Bd2a8280C,SY-steakLRT,18
0x4084C7AF1eD7CEE6D7D9853403065D4F5b9816C8,YT-steakLRT-26SEP2024,18
0x16e0EA59836581745Ab6a3E369F19d7D40006f94,PT-steakLRT-26SEP2024,18
0xDd66781D0E9a08D4FBb5eC7BAc80B691BE27F21D,AXGT,18
0xc3960227e41c3F54E9b399cE216149dEa5315c34,CZ,9
0xae032f8e1572D05157b1Afd88C012D9a0dad8cda,deSOL,9
0x18aAA7115705e8be94bfFEBDE57Af9BFc265B998,AUDIO,18
0xC52C326331E9Ce41F04484d3B5E5648158028804,ZCX,18
0x455e53CBB86018Ac2B8092FdCd39d8444aFFC3F6,POL,18
0x6b66ccd1340c479B07B390d326eaDCbb84E726Ba,SEAM,18
0xe285279a495D6126089efDa04Caa960D1a166131,NCOR,8
0x66676869d3B1826d35225988a87870BD483A6Bef,Punkdog,9
0xc3761EB917CD790B30dAD99f6Cc5b4Ff93C4F9eA,ERC20,18
0x69457A1C9Ec492419344DA01Daf0DF0e0369d5D0,FJO,18
0x651ce960BDEbEE7A01865B5C5C91035f8ffb12B9,PEPE,9
0x03AA6298F1370642642415EDC0db8b957783e8D6,NMT,18
0x70401dFD142A16dC7031c56E862Fc88Cb9537Ce0,BIRD,18
0xa66Daa57432024023DB65477BA87D4E7F5f95213,HPT,18
0x28Ae4A13De3055A557f900e2E5307Da4EA5761bB,RTR,9
0x1C9922314ED1415c95b9FD453c3818fd41867d0B,TOWER,18
0x8642A849D0dcb7a15a974794668ADcfbe4794B56,PROS,18
0x557B933a7C2c45672B610F8954A3deB39a51A8Ca,REVV,18
0xb9f599ce614Feb2e1BBe58F180F370D05b39344E,PORK,18
0x1180c114f7fAdCB6957670432a3Cf8Ef08Ab5354,iUSDT,6
0x1151CB3d861920e07a38e03eEAd12C32178567F6,Bonk,5
0x6F70ceE5d27BC2A31e492c435f7161FdBa6Cc0d9,SARU,18
0x8290333ceF9e6D528dD5618Fb97a76f268f3EDD4,ANKR,18
0x0AF85E2deE602B0a14d50F4FC1096c2f7fbe60F2,CRYMNE,18
0x56C03B8C4FA80Ba37F5A7b60CAAAEF749bB5b220,CANTO,18
0x4591DBfF62656E7859Afe5e45f6f47D3669fBB28,mkUSD,18
0xd12A99dbC40036CEc6f1b776dccd2d36f5953B94,DRAGGY,9
0x6B0FaCA7bA905a86F221CEb5CA404f605e5b3131,DEFI,18
0xB1c9D42FA4bA691eFe21656A7e6953d999B990c4,KANG,18
0x3a5051566b2241285BE871f650C445A88A970edd,HMNDS,18
0xa0246c9032bC3A600820415aE600c6388619A14D,FARM,18
0x7022FE5fEDBd54b40FdC52Be30c1c578fb55C2bf,SKULL,18
0x95b4eF2869eBD94BEb4eEE400a99824BF5DC325b,cMKR,8
0x3F7478bEEC07a7Fade8aBc21Ea75Bc539e869d01,pAMPL,18
0x88E08adB69f2618adF1A3FF6CC43c671612D1ca4,pOHM,18
0x02f92800F57BCD74066F5709F1Daa1A4302Df875,PEAS,18
0x056C1D42Fb1326f57da7f19eBB7dDA4673f1FF55,GAINS,18
0x9Fd9278f04f01c6a39a9d1c1CD79f7782C6ADe08,BIAO,9
0xD4419C2d3DAA986Dc30444Fa333a846be44Fd1eb,ZIK,18
0xb34e17562e4f1f63A2D4cF684eD8bC124e519771,NLS,6
0x3766CF12211f2eC589e857b2fe7Ed19CF1D7bBF4,fwAAVE,18
0xE39a08f6067AB70Fd780a430fdAc8a71BCE7FdEF,fwLPT,18
0xEC56840be7C495CBf98c0157B458cD207Ff85Da1,wRUNI,6
0x06A01a4d579479Dd5D884EBf61A31727A3d8D442,Skey,8
0x7D4A23832FaD83258B32ce4Fd3109Ceef4332aF4,STONKS,9
0x243cACb4D5fF6814AD668C3e225246efA886AD5a,SHI,18
0x05Fb86775Fd5c16290f1E838F5caaa7342bD9a63,HAI,8
0x91221a69a30c84A4F89C66a3475e36368de6131f,HARRIS,9
0x6019Dcb2d0b3E0d1D8B0cE8D16191b3A4f93703d,QF,18
0xa6Ec49E06C25F63292bac1Abc1896451A0f4cFB7,CSCS,18
0x00c83aeCC790e8a4453e5dD3B0B4b3680501a7A7,SKL,18
0x09d92c109b475Dd513292C76544B4E250dA13faA,DOGGY,18
0x056Fd409E1d7A124BD7017459dFEa2F387b6d5Cd,GUSD,2
0xa462bdE22D98335E18A21555b6752dB93a937cFf,BOBBY,18
0x720CD16b011b987Da3518fbf38c3071d4F0D1495,FLUX,8
0x283344eEA472f0fE04d6f722595A2fFFEfE1901A,CODE,13
0x594DaaD7D77592a2b97b725A7AD59D7E188b5bFa,APU,18
0x4B5f49487ea7B3609b1aD05459BE420548789f1f,LEVER,18
0xF82300c34F0D11b0420ac3CE85F0ebE4e3e05442,omniblm3,18
0xaD22f63404f7305e4713CcBd4F296f34770513f4,AWC,8
0x817bbDbC3e8A1204f3691d14bB44992841e3dB35,CUDOS,18
0x672664CcAd533401066EBB70361C93C4ca567de0,MOS,18
0x9b31bb425D8263fA1b8B9d090b83CF0C31665355,CPD,18
0x4B2C54b80B77580dc02A0f6734d3BAD733F50900,KIBA,9
0x408e41876cCCDC0F92210600ef50372656052a38,REN,18
0x6ff0c1E1B674138De7F5dd4131Bf76665c0ff54A,LT3,18
0x8212ee66Bd20edAa03E5baCE169Bf61fCAa11783,1783CLUB,18
0xf7e945FcE8F19302AaCc7E1418b0A0bdef89327B,IZE,8
0x7d256d82b32d8003d1cA1a1526ED211E6e0dA9e2,Yats,18
0x2f956b2f801c6dad74E87E7f45c94f6283BF0f45,iUSDC,6
0x253008ba4aE2f3E6488DC998a5321D4EB1a0c905,SY pufETH,18
0x1a65eB80a2ac3ea6E41D456DdD6E9cC5728BEf7C,YT-pufETH-26SEP2024,18
0xd4e75971eAF78a8d93D96df530f1FFf5f9F53288,PT-pufETH-26SEP2024,18
0x999564D7de2460ee7a0a1D5F1153F26a6848a038,NPT-LP,18
0xB705268213D593B8FD88d3FDEFF93AFF5CbDcfAE,IDEX,18
0xEBAA0e02d7f212F0b0936ec3dfE0AcbaF036c5eA,$YEN,18
0xB98d4C97425d9908E66E53A6fDf673ACcA0BE986,ABT,18
0x000000000d00353E0116Ba046Ef3dd854ED06F07,PLAYTIME,9
0xcFEB09C3c5F0f78aD72166D55f9e6E9A60e96eEC,VEMP,18
0xB64ef51C888972c908CFacf59B47C1AfBC0Ab8aC,STORJ,8
0xaA247c0D81B83812e1ABf8bAB078E4540D87e3fB,MSN,18
0x96a5399D07896f757Bd4c6eF56461F58DB951862,DRAGONX,18
0x72E2F4830b9E45d52F80aC08CB2bEC0FeF72eD9c,SGETH,18
0x83510622525D7D3C7200E6A7Ce7BD24A8552611D,PANIK,9
0xD3999188fF689b99d8097A4876f61E70b22F7881,SPURDO,18
0x19b703f65aA7E1E775BD06c2aa0D0d08c80f1C45,SAD,18
0x53393E4659803817418b0B6221AC60EB074E2CEC,$RAISE,9
0x6B560cE57db4A36F64D0e20b4FC31F45d5634126,DFIRE,18
0x985e0DF1f95729F054cf959a07362d33F22a6670,PING,9
0x467Bccd9d29f223BcE8043b84E8C8B282827790F,TEL,2
0x686D1596e5632Fe0471961E7977E8EFe371b0B21,AZEE,18
0x777E2ae845272a2F540ebf6a3D03734A5a8f618e,RYOSHI,18
0xcDfC85B293ff5D78f78d135d702e855680B4cf1C,KISARAGI,18
0x79d5a4C17d6368f31C3518813f9324e7a60963D8,GXAG,18
0x08389495D7456E1951ddF7c3a1314A4bfb646d8B,CRPT,18
0xD9016A907Dc0ECfA3ca425ab20B6b785B42F2373,GMEE,18
0x1a7096563C94029DfD55E625A19F099726ac4f3F,SY-ENA,18
0xAfA002De2DADb57B2b04e32aa4F42a69AdEBF2FD,PT-ENA-31OCT2024,18
0xf327c89Bf0769F0f2E99e50232557f03aAd6Cc17,PEIPEI,18
0xF2ec4a773ef90c58d98ea734c0eBDB538519b988,DOGE2.0,9
0xd21a23606D2746f086f6528Cd6873bAD3307b903,SRSC,18
0x5d98030ee646e6b3f25425C31c038310696616EA,SRSC20,18
0x6a11F3E5a01D129e566d783A7b6E8862bFD66CcA,1LP-ETH-WBTC,18
0x857679d69fE50E7B722f94aCd2629d80C355163d,UNK,18
0x7039cd6D7966672F194E8139074C3D5c4e6DCf65,STRUMP,9
0x9A0C8Ff858d273f57072D714bca7411D717501D7,st1INCH,18
0xAccfAc2339e16DC80c50d2fa81b5c2B049B4f947,dst1INCH,18
0xaD70ea09eFd215124CC69127f0301a7DeE57b0eb,PHT,18
0xE27a4C2bB4c3837dCbB3eB4c656DD2D0c0Aa88a3,UCC0,18
0xf25304e75026E6a35FEDcA3B0889aE5c4D3C55D8,VRD,18
0xA4bB712B4ea05E74a9590EC550BD922cd857AfcB,REFI,18
0x8e0E57DCb1ce8d9091dF38ec1BfC3b224529754A,UNK,18
0xBd2949F67DcdC549c6Ebe98696449Fa79D988A9F,eMTRG,18
0x42069cc15F5BEfb510430d22Ff1c9A1b3ae22CfE,RARE,18
0x1FEC856e25F757FeD06eB90548B0224E91095738,FP,18
0x35A18000230DA775CAc24873d00Ff85BccdeD550,cUNI,8
0x706987611C5d2052541D64ef8f036916807c916A,BOYS,18
0xd94A8f9caeD25E63eCc90EDfefAf3635eA1e182a,SCOMP,18
0x2BE056e595110B30ddd5eaF674BdAC54615307d9,APUFF,18
0xFc1C93a2507975E98b9d0E9260Ded61A00152BF1,NAVI,18
0xC4ed348c56223C5953939e932E315F9d72Cd83fF,SY-sUSDE,18
0xf1126BFbcBEcaF5807378448E52ecaEF23CF8a27,GLB,18
0x11c590f2d35Fe1216ABaEbDE12067CDa85c05042,NPP,18
0xa2947F125D98fB8e0aE2EB0D523CfdA92BFf789D,NFTDeFi,18
0x92ED78b41537C902Ad287608d8535bb6780A7618,aLN,18
0xe5B12BEfaf3a91065DA7FDD461dEd2d8F8ECb7BE,aBN,18
0x769272677faB02575E84945F03Eca517ACc544Cc,Captainz,18
0xcccCb68e1A848CBDB5b60a974E07aAE143ed40C3,TOPIA,18
0xfE48cFbAAA7C4b8ff08D3360e5c13d66915c83D3,DTH,18
0x09675e24CA1EB06023451AC8088EcA1040F47585,APES,18
0x42Baf1f659D765C65ADE5BB7E08eb2C680360d9d,COPI,18
0x0000e3705d8735ee724a76F3440c0a7ea721eD00,SAITAMA,9
0x94132baB33C5D97c9b43B6A7B1457f2aB4543d40,$SAITAMA,9
0x7db5af2B9624e1b3B4Bb69D6DeBd9aD1016A58Ac,VOLT,9
0xa444EC96Ee01bB219A44B285De47bf33C3447ad5,LEOX,18
0x2781246fe707bB15CeE3e5ea354e2154a2877B16,EL,18
0x1426cC6D52D1B14e2B3b1Cb04d57ea42B39c4c7c,JSHIBA,9
0x7c84d7E3829e004a49204d650883697BC7f06748,TRUMP,18
0x5A3153ae94E9FE2ECfdBD7BA7284C51560cb7aEe,SIDE,18
0x86B69F38BEA3e02f68fF88534bc61EC60E772b19,TRUMP,9
0x55A8f6c6b3Aa58ad6D1f26f6AFeDEd78F32E19f4,AEGIS,9
0x80b5340c2CF4a5Fc9c5c3eC3Cb54921E3d49535b,WPONZIO,18
0xD07ff87B7e3774e1C7C7a6953B258DaBE81E1f13,DINEIRO,18
0x9aeB50f542050172359A0e1a25a9933Bc8c01259,OIN,8
0x018DD3A0Dd7F213cc822076b3800816d3CE1ED86,HOTKEY,18
0x9619b0eaDD70d643Cb2BBE6d5752B15C16fbf2d2,BITCOIN2,18
0x776B2768B753d0eb45dCB85449a200BfA04034bb,USDT,18
0xd6BC04113C93Be2Daa442BA8fCCdB7A0D8f40Ec9,Cake-LP,18
0xBADFf0eF41D2A68F22De21EAbca8A59Aaf495cF0,Kabosu,18
0x607F4C5BB672230e8672085532f7e901544a7375,RLC,9
0x83F9AB0cF05d45d76CC15c5640B88187D4b30305,$BALL,18
0xECA3fC8A54ABac096fd518a499F7D48Af636034F,BANISH,18
0x8f8221aFbB33998d8584A2B05749bA73c37a938a,REQ,18
0xA2b4C0Af19cC16a6CfAcCe81F192B024d625817D,KISHU,9
0x655Af863cCd421D374bD966f93e904033bD7dd46,AUGUR,9
0x18b3236D6C6C1A79522696Ee70b1c28932D8902F,PEGA,9
0xe4042c7c1Bf740B8DDb2aB43df6d9ED766B2513e,BADCAT,9
0xb31eF9e52d94D4120eb44Fe1ddfDe5B4654A6515,DOSE,18
0xa62894D5196bC44e4C3978400Ad07E7b30352372,X,9
0x94cF752F94bA10d6c93bB033c1e0C746e547899B,veORDS,18
0x9E6be44cC1236eEf7e1f197418592D363BedCd5A,AZUR,18
0x4482f2b9156e5FB937529e887b2781520881E955,pKAI,18
0xC929e85DAB215705b0473c846196Afc94DFe2455,ESB,18
0x90908E414d3525E33733D320798B5681508255eA,UNI-V2,18
0x118334d7c2387CDfEA318F91C8FCcF9600ca5994,ACHI,9
0x1cAf237D7A2D103e3e9b1855988C01ac10344600,Lexi,9
0xBd3531dA5CF5857e7CfAA92426877b022e612cf8,PPG,18
0xeB6A58Ebe3511112C4ccb7533bfD6E896ce3ADB4,PERTSEV,18
0x31E801d3787a036413Fe1b3149F056f5021c6CA0,CLUB,18
0xB5c578947de0fd71303F71F2C3d41767438bD0de,DEVT,18
0x6a3a3EEd1A254986Caab7d8D0afeEdE7523AF456,SCP300,18
0xCCf55AEa1bcf4D25bbBDEeeFF29d33a8dE3BbB09,GINKGO,9
0xfB5c6815cA3AC72Ce9F5006869AE67f18bF77006,PSTAKE,18
0x420698CFdEDdEa6bc78D59bC17798113ad278F9D,Toweli,18
0x9F9c8ec3534c3cE16F928381372BfbFBFb9F4D24,GLQ,18
0xbc2fE31e58B055b7a7df4808B69301Ca5Bb8dEeA,UNI-V2,18
0xb549116Ac57b47C1B365A890e1D04FD547dFFf97,MDAI,18
0x52498F8d9791736f1D6398fE95ba3BD868114d10,NETVR,18
0x122303734c898e9d233afFc234271f04E42E77aD,Cat,18
0xb23d80f5FefcDDaa212212F028021B41DEd428CF,PRIME,18
0x57B946008913B82E4dF85f501cbAeD910e58D26C,POND,18
0x4Ddc2D193948926D02f9B1fE9e1daa0718270ED5,cETH,8
0x07E6d1A3839c5D037d66dabe4fFc59a1DAb77631,ANDEI,9
0x9DCAF532dBa85E565bF6B425f07377eC2bb6F46A,DBZ,8
0x2614f29C39dE46468A921Fd0b41fdd99A01f2EDf,HLX,18
0x2A1DCA74419c2D304A3D359F428eE1A4e9324A90,BANA,18
0x6930450a416252c7206fBCe76c01ECC850A36Cb9,SHEB,9
0xE453C3409f8Ad2B1FE1ED08E189634d359705A5B,DGI,18
0xEb51B8dC2d43469c0F0b7365c8a18438907BDf21,SHIV,18
0x5a3e6A77ba2f983eC0d371ea3B475F8Bc0811AD5,0x0,9
0xef3A930e1FfFFAcd2fc13434aC81bD278B0ecC8d,FIS,18
0x55cD6418Afe170A91e0Be03d7306aB4B755B7ee5,QUBE,18
0xd8Fa690304D2B2824D918C0c7376e2823704557A,SquidGrow,9
0x4fBF0043758E1E79238dA9Df6835BB4df8aC5b57,UNI-V2,18
0x14C5a9007FDC5eE4De1581C892b5fd4623D8cdBf,miweETH,18
0xEeca64ea9fCf99A22806Cd99b3d29cf6e8D54925,SPROTO,18
0x1E4EDE388cbc9F4b5c79681B7f94d36a11ABEBC9,X2Y2,18
0x944824290CC12F31ae18Ef51216A223Ba4063092,MASA,18
0x7Be6B15392F5A61f880DC2D3590065fE84072964,WPEPE,18
0xa13eDD1A27Ab4Fb8982C033Acb082cdb5f98B79b,DEW,9
0xb7109df1a93f8fe2B8162c6207C9B846C1C68090,MAX,18
0x61E90A50137E1F645c9eF4a0d3A4f01477738406,LOKA,18
0x9aE380F0272E2162340a5bB646c354271c0F5cFC,CNC,18
0xd02bCdBE1d7790bDc4E1c365BFF8269D8F5e035e,cncUSDC,6
0x62B9c7356A2Dc64a1969e19C23e4f579F9810Aa7,cvxCRV,18
0xaa0C3f5F7DFD688C6E646F66CD2a6B66ACdbE434,stkCvxCrv,18
0x6E9455D109202b426169F0d8f01A3332DAE160f3,lp-yCRVv2,18
0x99f5aCc8EC2Da2BC0771c32814EFF52b712de1E5,yCRV-f,18
0x1131D427ECd794714ed00733aC0f851E904c8398,GENAI,18
0xB1F1ee126e9c96231Cc3d3fAD7C08b4cf873b1f1,BIFI,18
0xb1F131437e314614313aAb3a3016FA05c1b0e087,rBIFI,18
0x6A7eFF1e2c355AD6eb91BEbB5ded49257F3FED98,OPSEC,18
0x40f8A48d7579039d42ff832E67fAD7D891640BDb,GOLDEN,18
0x7D26AD6F6BA9D6bA1de0218Ae5e20CD3a273a55A,VT,18
0x1BBf25e71EC48B84d773809B4bA55B6F4bE946Fb,VOW,18
0xE4e50B96F70AaB13A2D7e654D07D7D4173319653,METAKREW,18
0xb624960AAaD05d433075a5C9E760aDEc26036934,MONKE,9
0x443459D45c30A03f90037d011CbE22e2183d3b12,TYPE,18
0x97D2FC7d16BC34121c3311f2e2E05D298c19956f,WFO,18
0x984326ea61bCCB85Cdf4F8FF342d0FDa6A2c4856,DZNTS,18
0xAaAAAA20D9E0e2461697782ef11675f668207961,AURORA,18
0x35e78b3982E87ecfD5b3f3265B601c046cDBe232,XAI,18
0xe9EccDE9d26FCBB5e93F536CFC4510A7f46274f8,INFRA,9
0x15C905deC8Da0a90fa05F8121E8F8285D30ef1f4,AOFE,18
0xaeF420fd77477d9Dc8B46D704D44dD09d6c27866,CGV,6
0xfB48B69174CAbDcE17A7b20a7aE51B256E7609B9,PEPIRO,9
0xB29Dc1703fAcd2967BB8AdE2E392385644C6dCA9,GAGA,18
0x39AA39c021dfbaE8faC545936693aC917d5E7563,cUSDC,8
0xf2c5780e2DDA407781c0C5ECCC9320D5988eA0A6,DCE,9
0x34Be5b8C30eE4fDe069DC878989686aBE9884470,SENATE,18
0x419D0d8BdD9aF5e606Ae2232ed285Aff190E711b,FUN,8
0xe19d1c837B8A1C83A56cD9165b2c0256D39653aD,sdFXN,18
0xbcfE5c47129253C6B8a9A00565B3358b488D42E0,sdFXN-gauge,18
0xB90B2A35C65dBC466b04240097Ca756ad2005295,BOBO,18
0x162433c934aA74ba147E05150B1206b2C922f71d,CRE,18
0xf02553b9f908aB61F4C1Fc0Af9a488C76f8EcC85,CRO-SWAP,18
0x62BFD005742B605e39E183d16e58317157505a2A,NENJARIO,18
0xFeAc2Eae96899709a43E252B6B92971D32F9C0F9,ANYONE,18
0xd9ebbC7970e26B4eCeD7323b9331763E8272D011,TYBENG,18
0xd1ba9BAC957322D6e8c07a160a3A8dA11A0d2867,HMT,18
0x3c3a81e81dc49A522A592e7622A7E711c06bf354,MNT,18
0x30410e8f654e8CfDE6A270e222eF168C87d7012F,HAIR,9
0x0511Ffdf861aE1cE16246B6FcE226FE66E9C4b1F,MOMIJI,18
0x7A58c0Be72BE218B41C608b7Fe7C5bB630736C71,PEOPLE,18
0xE2796707590384430d887f15bDf97c660d95894a,SY-weETHk,18
0xD09FC28733E094F7c327fb9D1e526177305EF9e2,YT-weETHk-26SEP2024,18
0xb94AE63D5537932303F107C09E5783491e423c54,PT-weETHk-26SEP2024,18
0x8e141a78eb2B2721cB67867c4F601adcB9285417,deBNB,18
0x9b5C38cC2d1bA05Ed87C8f8A2418475bAcb20073,SBIO,18
0x2479F03e2beA89e636f1961272C6Ed6B8Cc20b29,BABYDOGE2.0,18
0x9992eC3cF6A55b00978cdDF2b27BC6882d88D1eC,POLY,18
0xa91c82B6933105C23298E631A0C1Be751D239162,SOTU,18
0x067079c14B85169e6a29703769dadDef90816f4C,mkPRISMA-f,18
0x34635280737b5BFe6c7DC2FC3065D60d66e78185,cvxPrisma,18
0x0c73f1cFd5C9dFc150C8707Aa47Acbd14F0BE108,stkCvxPrisma,18
0x12970E6868f88f6557B76120662c1B3E50A646bf,LADYS,18
0xdDFbE9173c90dEb428fdD494cB16125653172919,SWK,18
0xBb3D7F42C58Abd83616Ad7C8C72473Ee46df2678,CHAT,18
0x99999999999997fceB5549c58aB66dF52385ca4d,GEN,18
0xD13cfD3133239a3c73a9E535A5c4DadEE36b395c,VAI,18
0x04F121600c8C47A754636fc9d75661a9525e05D5,STARS,18
0xC7e6B676bfC73Ae40bcC4577F22aab1682C691C6,UNI-V2,18
0xa1d6Df714F91DeBF4e0802A542E13067f31b8262,RFOX,18
0x97B094E7485Ab21f473ADA183e96B362bA91A136,AGURI,9
0xf10db848A80FECf1D137c952300ED1d311Ceb6DA,LFG,9
0xbE7E4abaec37f0FA430ABd62a6591C526619227b,UNI-V2,18
0xDc7AC5d5d4a9C3B5d8F3183058A92776Dc12f4f3,MONKAS,9
0x0C9c7712C83B3C70e7c5E11100D33D9401BdF9dd,WOMBAT,18
0x5640E0560e6AfD6A9f4dDb41230D0201d181FEA7,DMAGA,9
0xf941D3AAbf2EE0F5589E68Ba6047b8329592B366,HEEL,9
0xba100000625a3754423978a60c9317c58a424e3D,BAL,18
0x709756a9F9cca50E2BcfE5cC7cfA955C21C39D7f,UNI-V2,18
0x949D48EcA67b17269629c7194F4b727d4Ef9E5d6,MC,18
0x8C58a760f68d8C5439a5584e902e9CC0213B19aE,NEIRUN,18
0x4E1f41613c9084FdB9E34E11fAE9412427480e56,TERRAFORMS,18
0x1F70300BCe8c2302780BD0a153ebb75B8CA7efCb,BARRON,9
0x0F7B3F5a8FeD821c5eb60049538a548dB2D479ce,ATOR,18
0xE0f63A424a4439cBE457D80E4f4b51aD25b2c56C,SPX,8
0x570fEbDf89C07f256C75686CaCa215289bB11CFc,UNI-V2,18
0x2C06858319AB883Fd96B13D09af321e0b45784A4,UNI-V2,18
0x62F03b52c377FeA3EB71D451a95ad86C818755D1,DOGEVERSE,18
0xB26bD8D1FD5415eED4C99f9fB6A278A42E7d1BA8,KETHFI,18
0x710287D1D39DCf62094A83EBB3e736e79400068a,ENQAI,18
0x6C061D18D2b5bbfBe8a8D1EEB9ee27eFD544cC5D,MNRCH,18
0xaCdf0DBA4B9839b96221a8487e9ca660a48212be,hyUSD,18
0xc794C6A95f30d0ebF7B3Bbe85e8a0A95C9e411c1,hyUSDeUSD-f,18
0x8f846C443CFa44A6e95aaCD2aC362b6cF4fd4335,UNK,18
0x72f713D11480DCF08b37E1898670e736688D218d,NAO,18
0x71Ab77b7dbB4fa7e017BC15090b2163221420282,HIGH,18
0x5B7533812759B45C2B44C19e320ba2cD2681b542,AGIX,8
0xa39b7Fc5470782abF26d92DB81d3215b6F6B79Dd,QMC,18
